programId;code;description;active;manual
CORR;MERG;Comment: Object list was added;false;false
CORR;PERF;Perforce Changelist;false;false
CORR;RELE;Comment Entry: Released;false;false
LIMU;ADIR;Object Directory Entry;false;true
LIMU;CINC;Class Include (ABAP Objects);true;false
LIMU;CLSD;Class Definition (ABAP Objects);false;true
LIMU;COMM;Object List of Request or Piece List;false;true
LIMU;CPRI;Private Header (ABAP Objects);true;false
LIMU;CPRO;Protected Header (ABAP Objects);true;false
LIMU;CPUB;Public Header (ABAP Objects);true;false
LIMU;CUAD;GUI Definition;false;true
LIMU;DEVP;Package: Usage;false;true
LIMU;DLIX;Index for Table Entities;false;true
LIMU;DLTS;Technical Settings for Table Entities;false;true
LIMU;DOCU;Documentation;false;true
LIMU;DOMD;Domain Definition;false;true
LIMU;DTED;Data Element Definition;false;true
LIMU;DYNP;Screen;false;true
LIMU;ENQD;Lock Object Definition;false;true
LIMU;FSEL;Field Selection;false;true
LIMU;FUGT;Function Group Texts;false;true
LIMU;FUNC;Function Module;true;false
LIMU;HOTO;Single Object (SAP HANA Transport for ABAP);false;true
LIMU;HOTP;Package Metadata (SAP HANA Transport for ABAP);false;true
LIMU;INDX;Table Index;false;true
LIMU;INTD;Interface Definition (ABAP Objects);false;true
LIMU;MAPP;Mapping Information (ABAP Objects);false;true
LIMU;MCOD;Matchcode Object Definition;false;true
LIMU;MESS;Single Message;false;true
LIMU;METH;Method (ABAP Objects);true;false
LIMU;MSAD;Message Class: Definition and All Short Texts;false;true
LIMU;PIFA;Package Interface: Assignments;false;true
LIMU;PIFH;Package Interface: Header Information;false;true
LIMU;REPO;Report Program Source Code and Texts;false;true
LIMU;REPS;Report Source Code;false;true
LIMU;REPT;Report Texts;false;true
LIMU;SHLD;Search Help Definition;false;true
LIMU;SHLX;Text Component of Search Help Definition;false;true
LIMU;SOTT;Concept (Online Text Repository) - Short Texts;false;true
LIMU;SOTU;Concept (Online Text Repository) - Long Texts;false;true
LIMU;TABD;Table Definition;false;true
LIMU;TABT;Technical Attributes of a Table;false;true
LIMU;TTYD;Table Type Definition;false;true
LIMU;TTYX;Text Component of Table Type Definition;false;true
LIMU;TYPD;Type Group Source Code;false;true
LIMU;VARI;Report Program System Variant;false;true
LIMU;VARX;Report Program Application Variant;false;true
LIMU;VIED;View Definition;false;true
LIMU;VIET;Technical Attributes of a View;false;true
LIMU;WAPD;Definition of BSP Application;false;true
LIMU;WAPP;Page/Controller of a BSP Application;false;true
LIMU;WDYC;Controller (Web Dynpro);false;true
LIMU;WDYD;Definition (Web Dynpro);false;true
LIMU;WDYV;View (Web Dynpro);false;true
LIMU;XIND;Extension Index Definition;false;true
R3TR;01DY;Screen sequence for rental units transport object;false;true
R3TR;0KM1;Screen variant for cost center collective processing;false;true
R3TR;0KW3;Screen Variant: Collective Processing for Business Processes;false;true
R3TR;1APP;BPC: APPLICATION;false;true
R3TR;24FO;HR Forms (KSA);false;true
R3TR;AABC;BPC APA Global Bands & KPI Category Setting;false;true
R3TR;AADT;BPC APA Application Global Setting;false;true
R3TR;AAOE;Analysis Office Excel Workbook;false;true
R3TR;AAOP;Analysis Office Powerpoint;false;true
R3TR;AAPP;BPC Model;false;true
R3TR;AAPS;BPC Environment Info;false;true
R3TR;AART;Order type (CO, PP, PM, network);false;true
R3TR;ABLC;Settings for ABAP Language Version for Software Component;false;true
R3TR;ABPC;BPC Objects;false;true
R3TR;ABPF;BPC BPF;false;true
R3TR;ABRU;BPC Business Rule;false;true
R3TR;ABRV;Settlement variant;false;true
R3TR;ACGA;BPC Environment Configuration;false;true
R3TR;ACGP;BPC Model Configuration;false;true
R3TR;ACGR;Role;false;true
R3TR;ACGS;BPC System Configuration;false;true
R3TR;ACGT;Role - User assignment;false;true
R3TR;ACID;Checkpoint Group;false;true
R3TR;ACLA;Archiving Class;false;true
R3TR;ACLB;BPC Library;false;true
R3TR;ACTR;BPC Control;false;true
R3TR;ADAF;BPC Data Access Profile;false;true
R3TR;ADEE;BPC Deletion Entity;false;true
R3TR;ADEI;BPC deletion item;false;true
R3TR;ADEL;BPC Deletion;false;true
R3TR;ADIM;BPC Dimension;false;true
R3TR;ADMC;BPC DM Data File;false;true
R3TR;ADMD;BPC DM File Folder;false;true
R3TR;ADMF;BPC DM File;false;true
R3TR;ADMG;BPC Data Mananger Package Group;false;true
R3TR;ADML;BPC DM Package Link;false;true
R3TR;ADMP;BPC DM Package;false;true
R3TR;ADSO;Datastore Object;false;true
R3TR;ADTC;ADT Compatibility Graph;false;true
R3TR;ADTG;BPC Drill Through;false;true
R3TR;ADTS;ADT scopes for HTTP resource authorization via OAUTH2;false;true
R3TR;ADVC;App Variant (LRep cross-client content);false;true
R3TR;ADVD;App Variant (LRep client-dependent content);false;true
R3TR;ADVT;App Variant (LRep client-dependent content customizing req.);false;true
R3TR;AFCS;ABAP Fiori Code snippet;false;true
R3TR;AFLC;BPC File Category;false;true
R3TR;AFLD;BPC File Folder;false;true
R3TR;AFLE;BPC Files;false;true
R3TR;AFLG;BPC File Group;false;true
R3TR;AFOT;ABAP Fiori Object Type;false;true
R3TR;AGGR;Aggregate;false;true
R3TR;AIFC;Objects from AIF content;false;true
R3TR;AIFE;Object for extension content;false;true
R3TR;AJUT;BPC Jounal Template;false;true
R3TR;AKPI;BPC AVA KPI;false;true
R3TR;ALID;Transport Object for Alternative ID Types;false;true
R3TR;ALPT;BPC Web documents - LiveReport;false;true
R3TR;ALVC;ALV Templates (for example, Crystal Layouts) from Customer;false;true
R3TR;ALVL;Aggregation Level;false;true
R3TR;ALVT;ALV Templates (for example, Crystal Layouts) from SAP;false;true
R3TR;ALVW;ALV (WebDynroABAP) - BLOBs for Views delivered by SAP;false;true
R3TR;AM00;Asset Accounting FI-AA: Chart of depreciation;false;true
R3TR;AM01;Asset Accounting FI-AA: Calculation key;false;true
R3TR;AM02;Asset Accounting FI-AA: Company codes;false;true
R3TR;AM03;Asset Accounting FI-AA: Cut-off value/scrap value;false;true
R3TR;AM04;Asset Accounting FI-AA: Depreciation Keys;false;true
R3TR;AM05;Asset Accounting FI-AA: Account allocation;false;true
R3TR;AM07;Asset Accounting FI-AA: Transaction types;false;true
R3TR;AM08;Asset Accounting FI-AA: Screen layout rule asset master;false;true
R3TR;AM09;Asset Accounting FI-AA: Screen layout rule deprec. areas;false;true
R3TR;AM10;Asset Accounting FI-AA: Asset history sheet (definition);false;true
R3TR;AM11;Asset Accounting FI-AA: Index points;false;true
R3TR;AM12;Asset Accounting FI-AA: Views;false;true
R3TR;AM13;Asset Accounting FI-AA: Field groups and asset views;false;true
R3TR;AM14;Asset Accounting FI-AA: Period weighting;false;true
R3TR;AM15;Asset Accounting: Asset classes;false;true
R3TR;AM16;Asset Accounting: Account groups;false;true
R3TR;AM17;Asset Accounting: chart of accounts;false;true
R3TR;AM18;Asset Accounting: Transaction type proposals;false;true
R3TR;AMBR;BPC Dimension member;false;true
R3TR;AMHC;ABAP-Managed (Logical) HDI Containers;false;true
R3TR;AMOP;APO Alert Monitor Profile;false;true
R3TR;AMPF;BPC Member Access Profile;false;true
R3TR;AMSD;Logical Database Schema;false;true
R3TR;AMSM;Mapping of Logical Schema to Physical Schema;false;true
R3TR;ANMO;Analytical Model;false;true
R3TR;ANPR;Analysis Process;false;true
R3TR;ANSE;Analytical Service;false;true
R3TR;ANSO;Source for analytical model;false;true
R3TR;ANST;Analytical service types;false;true
R3TR;AOBJ;Archiving Object;false;true
R3TR;APCO;Application components;false;true
R3TR;APIA;API Release: API Catalog Assignment;false;true
R3TR;APIC;API Catalog;false;true
R3TR;APIS;API Release State of Objects;false;true
R3TR;APIV;API Version;false;true
R3TR;APIX;API Snapshot;false;true
R3TR;APLO;Application Log Object;false;true
R3TR;APOB;Application Object;false;true
R3TR;APPL;Application Class;false;true
R3TR;APPS;BPC Appset;false;true
R3TR;AQBG;ABAP Query: User group;false;true
R3TR;AQHT;SAP Query: HTML Templates;false;true
R3TR;AQQU;ABAP Query: Query;false;true
R3TR;AQQV;ABAP Query: Query variant;false;true
R3TR;AQSG;ABAP Query: Functional area;false;true
R3TR;AQTR;SAP Query: HTML Templates (raw);false;true
R3TR;AQXI;ABAP Query: Additional functions;false;true
R3TR;AREA;InfoArea;false;true
R3TR;ARLE;Meta Data for Derivation Cluster;false;true
R3TR;ARTP;BPC Report template;false;true
R3TR;ASFC;SAP AS: Field Catalog;false;true
R3TR;ASIS;SAP AS: Archiving Information Structure;false;true
R3TR;ASOB;Analytics Security Object (BI Analysis Authorizations);false;true
R3TR;ASPD;BPC Script Folder;false;true
R3TR;ASPF;BPC Script File;false;true
R3TR;ASPR;BPC Script File Resource;false;true
R3TR;ATCS;ABAP Test Cockpit: Step;false;true
R3TR;ATEM;BPC Team;false;true
R3TR;ATOC;System Data for Cross Release Customizing Transports;false;true
R3TR;ATOD;System Data for Cross Release Transports;false;true
R3TR;ATOM;ATO Manifest;false;true
R3TR;ATOT;ATO System Transfer;false;true
R3TR;ATPF;BPC Task Profile;false;true
R3TR;ATPL;Transport of Profile Generator templates;false;true
R3TR;ATRT;Data Types for Attributes;false;true
R3TR;ATTR;Logical Transport Object for Set Type Attributes;false;true
R3TR;AUDI;General Structure Repository: Audit Information Structure;false;true
R3TR;AUTH;Authorization Check Fields;false;true
R3TR;AVAR;Activation Variants for Assertions and Breakpoints;false;true
R3TR;AVAS;Classification;false;true
R3TR;AVRS;ABAP Version;false;true
R3TR;AWDC;BPC Web document category;false;true
R3TR;AWFD;BPC Web document folder;false;true
R3TR;AWKP;BPC Web document - workspace;false;true
R3TR;AWSS;BPC Workstatus;false;true
R3TR;AXDB;BPC Web documents - XcelsiusDashBoard;false;true
R3TR;AXEC;Rapid Application Embedded Views (Customer maintained);false;true
R3TR;AXEM;Embeddable view;false;true
R3TR;AXES;Rapid Application Embedded Views (SAP delivered);false;true
R3TR;AXTA;Application Group;false;true
R3TR;AXTB;Extensible business objects;false;true
R3TR;AXTC;Generation Catalogue;false;true
R3TR;AXTE;Extension;false;true
R3TR;AXTL;Logical Table object;false;true
R3TR;AXTN;Extensibility number range definition;false;true
R3TR;AXTO;Extension object type;false;true
R3TR;AXTP;Extensible place;false;true
R3TR;AXTS;Extensible search;false;true
R3TR;AXTT;Extensible table place;false;true
R3TR;AXTV;Navigational object;false;true
R3TR;AZAP;Analysis Application;false;true
R3TR;AZEX;Design Studio Extension;false;true
R3TR;BAOE;BPC: Workbook;false;true
R3TR;BBPF;BPC: BPF;false;true
R3TR;BCCH;Business Configuration Check;false;true
R3TR;BCCU;Business Configuration Check Units;false;true
R3TR;BCDE;BC-Sets for Delta Activation;false;true
R3TR;BCTC;Business Configuration - Table Field Classification;false;true
R3TR;BDAP;BPC: Data access profile;false;true
R3TR;BDEF;Behavior Definition;true;false
R3TR;BEN1;Benefit area plans;false;true
R3TR;BEN2;Benefit area administration;false;true
R3TR;BEN3;Flexible Benefit Area Tables;false;true
R3TR;BFTR;Business Feature;false;true
R3TR;BGQC;Background Processing Context;false;true
R3TR;BIBD;BI Content Bundle;false;true
R3TR;BIDC;Logical Transport object for BP ID Categories;false;true
R3TR;BILA;Language Transport of Financial Statement Version;false;true
R3TR;BIMO;BI Meta (Transport) Object Type;false;true
R3TR;BITM;BI Web Items (NW7.0+);false;true
R3TR;BIXP;Object for Controlling Data Conversions in BI;false;true
R3TR;BLFO;BW: LOIO Class Folder;false;true
R3TR;BLMA;BW: LOIO Class Master Data;false;true
R3TR;BLRC;Customizing for RFC Blacklist Entries;false;true
R3TR;BLRF;Blacklist Entries RFC;false;true
R3TR;BLSC;Build Script;false;true
R3TR;BLTM;BW: LOIO Class Web Templates;false;true
R3TR;BMAO;Any object;false;true
R3TR;BMBS;Collaborative Business Scenario;false;true
R3TR;BMEF;Function in process model;false;true
R3TR;BMEO;Enterprise OrgUnit type (3.0 only);false;true
R3TR;BMEP;Diagram in process model;false;true
R3TR;BMET;Process hierarchy level below OrgUnit (3.0 only);false;true
R3TR;BMEV;Event in process model;false;true
R3TR;BMFR;Application Component;false;true
R3TR;BMFU;Function;false;true
R3TR;BMFV;Global function variant;false;true
R3TR;BMFZ;Function relationship diagram;false;true
R3TR;BMGR;Group;false;true
R3TR;BMGT;Process list for application components 3.1;false;true
R3TR;BMHF;Process list for application components, 3.0;false;true
R3TR;BMHT;Application component hierarchy level;false;true
R3TR;BMPC;Software Module;false;true
R3TR;BMPM;Process selection matrix for components (3.0 only);false;true
R3TR;BMPV;Software Variant;false;true
R3TR;BMSL;Diagram variants in process model;false;true
R3TR;BMSM;Process selection matrix for OrgUnits (3.0 only);false;true
R3TR;BMSP;Scenario process (3.0 only);false;true
R3TR;BMSZ;Scenario (3.0 only);false;true
R3TR;BMTH;Structure Repository for Processes: Node Definition;false;true
R3TR;BMVA;Component selection for IMG;false;true
R3TR;BMVG;Display group process model;false;true
R3TR;BOBC;BOPF Contract Compliance Check Configuration;false;true
R3TR;BOBF;BOPF: Business Object Model;false;true
R3TR;BOBL;BOPF: Business Object Library;false;true
R3TR;BOBX;BOPF: Business Object Model Extension;false;true
R3TR;BOCT;Linked Analytics Story;false;true
R3TR;BOPF;BOPF: Business Object Model;false;true
R3TR;BOPX;BOPF: Business Object Model Extension;false;true
R3TR;BOTY;Object Type for General Object Number;false;true
R3TR;BPMA;BW: PHIO Class Master Data;false;true
R3TR;BPTM;BW: PHIO Class Web Templates;false;true
R3TR;BR01;SAP Object Type;false;true
R3TR;BR02;SAP Object Node Type;false;true
R3TR;BRCL;Attributes - Producer/Distributor Classes in Broadcasting BW;false;true
R3TR;BRF0;BRF: Application Class;false;true
R3TR;BRR1;Business Rule;false;true
R3TR;BRR2;Business Rule (Client-Specific);false;true
R3TR;BRSE;Broadcasting Settings (BW);false;true
R3TR;BSAL;Business Suite Side Panel: Logical information object;false;true
R3TR;BSAP;Business Suite Side Panel: Physical information object;false;true
R3TR;BSNL;Business Suite Side Panel: Logical information object;false;true
R3TR;BSNP;Business Suite Side Panel: Physical information object;false;true
R3TR;BSVI;Status management: System status;false;true
R3TR;BSVO;Status management: Object type;false;true
R3TR;BSVS;Status management: status profile;false;true
R3TR;BSVV;Status management: Process;false;true
R3TR;BTMP;BI Web Templates (NW7.0+);false;true
R3TR;BWBK;BPC: Workbook;false;true
R3TR;BWLA;BW: Processor for Language Export in BW;false;true
R3TR;CAAR;Business Configuration Framework Activity - Customer;false;true
R3TR;CABB;Business Configuration Framework Building Block - Customer;false;true
R3TR;CACC;CDM App Config (LREP cross-client content);false;true
R3TR;CACD;CDM App Config (LREP client-dependent content);false;true
R3TR;CACE;Business Configuration Framework Configuration Entity - Cust;false;true
R3TR;CACT;CDM App Config (LREP client-dependent cont. - custom. req.);false;true
R3TR;CACX;Business Configuration Framework Context - Customer;false;true
R3TR;CADD;Business Configuration Framework Dataset - Customer;false;true
R3TR;CALE;Public Holidays;false;true
R3TR;CAPK;Business Configuration Framework Solution Package - Customer;false;true
R3TR;CAQF;Business Configuration Framework Qualifier - Customer;false;true
R3TR;CASI;Business Configuration Framework - Customer;false;true
R3TR;CASO;Business Configuration Framework Scope Option - Customer;false;true
R3TR;CASP;SCC: Check Aspect;false;true
R3TR;CASV;SCC: Check Aspect Value;false;true
R3TR;CBAL;Floorplan Manager - Context Based Adaptations - Links/Rules;false;true
R3TR;CBAS;Floorplan Manager - Context Based Adaptations - Sets;false;true
R3TR;CBPA;Transport of BP Sales Templates (Link Tables);false;true
R3TR;CBPB;Transport of BP Shipping Templates (Link Tables);false;true
R3TR;CBPC;Transport of BP Billing Templates (Link Tables);false;true
R3TR;CBPJ;Transport of BP Status Templates (Link Tables);false;true
R3TR;CBSA;Transport of BP Sales Templates (Set Tables);false;true
R3TR;CBSB;Transport of BP Shipping Templates (Set Tables);false;true
R3TR;CBSC;Transport of BP Billing Templates (Set Tables);false;true
R3TR;CBSJ;Transport of BP Status Templates (Set Tables);false;true
R3TR;CCAC;CDM Catalog (LREP cross-client content);false;true
R3TR;CCAD;CDM Catalog (LREP client-dependent content);false;true
R3TR;CCAT;CDM Catalog (LREP client-dependent content - custom. req.);false;true
R3TR;CCEI;Client Export-/Import Helper Object - Never Change Manually;false;true
R3TR;CCFG;SCC: Check Configuration;false;true
R3TR;CCPR;Client Copy Profile;false;true
R3TR;CCRU;SCC: Check Configuration Rule;false;true
R3TR;CDAT;View Cluster Maintenance: Data;false;true
R3TR;CDBO;Customer Data Browser;false;true
R3TR;CDDH;Packages for Table Entries: Granularity;false;true
R3TR;CDDL;Default Original Language in Customizing;false;true
R3TR;CDDO;Default Originality Attributes in Customizing;false;true
R3TR;CDLH;Original Language for Table Entries: Granularity;false;true
R3TR;CDOH;Originality for Table Entries: Granularity;false;true
R3TR;CEBR;BPC: Consolidation business rule for environment;false;true
R3TR;CELM;Elements of the Query Builder (SAP Delivery);false;true
R3TR;CFAA;Business Configuration Framework Act. Ada. Cnt. (Obsolete);false;true
R3TR;CFAR;Business Configuration Framework Activity (Obsolete);false;true
R3TR;CFBA;Business Configuration Framework Building Block (Obsolete);false;true
R3TR;CFBB;Business Configuration Framework Building Block (Obsolete);false;true
R3TR;CFCE;Business Configuration Framework Conf. Entity (Obsolete);false;true
R3TR;CFCL;Business Configuration Framework Log. Cnt. Layer (Obsolete);false;true
R3TR;CFCS;Business Configuration Framework Change Set (Obsolete);false;true
R3TR;CFCX;Business Configuration Framework Context (Obsolete);false;true
R3TR;CFD1;Custom fields: IDoc Type Registry;false;true
R3TR;CFDA;Custom Logic Registration;false;true
R3TR;CFDB;Custom Fields: Business Context Registry;false;true
R3TR;CFDC;Custom Fields: CDS View Registry;false;true
R3TR;CFDD;Business Configuration Framework Dataset (Obsolete);false;true
R3TR;CFDE;Data Source Extension;false;true
R3TR;CFDF;Custom Field;false;true
R3TR;CFDG;Custom Fields: SAP GUI Registry;false;true
R3TR;CFDH;Custom Behavior Extension Registration;false;true
R3TR;CFDI;Business Configuration Framework Dimension (Obsolete);false;true
R3TR;CFDM;Custom fields: Function Module Registry;false;true
R3TR;CFDO;Custom Fields: OData Model Registry;false;true
R3TR;CFDP;Custom fields: SOAP Service Interface Registry;false;true
R3TR;CFDR;Custom Fields: Association Target;false;true
R3TR;CFDS;Custom Fields: Business Scenario Registry;false;true
R3TR;CFDT;Custom Fields: Data Transfer Registry;false;true
R3TR;CFDX;Custom Fields: Suffix Registry;false;true
R3TR;CFDY;Custom Fields: Abstract Entity Registry;false;true
R3TR;CFEX;Business Configuration Framework Expression (Obsolete);false;true
R3TR;CFIA;Business Configuration Framework Issue Ada. Cnt. (Obsolete);false;true
R3TR;CFIU;Business Configuration Framework Issue (Obsolete);false;true
R3TR;CFPK;Business Configuration Framework Solution Package (Obsolete);false;true
R3TR;CFQF;Business Configuration Framework Qualifier (Obsolete);false;true
R3TR;CFRA;Business Configuration Framework Record Ada. Cnt. (Obsolete);false;true
R3TR;CFRK;Business Configuration Framework Record Key (Obsolete);false;true
R3TR;CFRR;Business Configuration Framework Record (Obsolete);false;true
R3TR;CFSA;Business Configuration Framework Scope Item Cnt. (Obsolete);false;true
R3TR;CFSI;Business Configuration Framework Scope Item (Obsolete);false;true
R3TR;CFSO;Business Configuration Framework Scope Option (Obsolete);false;true
R3TR;CFSU;Business Configuration Framework SSC UI (Obsolete);false;true
R3TR;CFVA;Business Configuration Framework SVA Adap. Cnt. (Obsolete);false;true
R3TR;CFVR;Business Configuration Framework Scoping Val. Ar. (Obsolete);false;true
R3TR;CGRC;CDM Group (LREP cross-client content);false;true
R3TR;CGRD;CDM Group (LREP client-dependent content);false;true
R3TR;CGRT;CDM Group (LREP client-dependent content - customizing req.);false;true
R3TR;CHAR;Object characteristic;false;true
R3TR;CHDO;Change Document Object;false;true
R3TR;CHKC;Check category;false;true
R3TR;CHKE;Check Exemptions;false;true
R3TR;CHKO;Check;false;true
R3TR;CHKV;Check Variant;false;true
R3TR;CINS;Correction Instruction;false;true
R3TR;CLAS;Class (ABAP Objects);true;false
R3TR;CMBR;BPC: Consolidation business rule for model;false;true
R3TR;CMBT;BPC: Consolidation task sequence for model;false;true
R3TR;CMHC;Cloud Management Health Check;false;true
R3TR;CMOD;Customer enhancement projects;false;true
R3TR;CMPA;Client Multiplexer Scenario Task List Parameters;false;true
R3TR;CMPT;Code Composer Template;false;true
R3TR;CMSQ;Client Multiplexer Scenario Sequence;false;true
R3TR;CMTM;Cloud Management Tenant Multiplexer Trigger;false;true
R3TR;CNAR;Business Configuration Framework Activity Semantic Obj;false;true
R3TR;CNBB;Business Configuration Framework Building Block Semantic Obj;false;true
R3TR;CNCE;Business Configuration Framework Configuration Semantic Obj;false;true
R3TR;CNDD;Business Configuration Framework Dataset Semantic Key;false;true
R3TR;CNIU;Business Configuration Framework Issue Semantic Obj;false;true
R3TR;CNPA;DMC: Definition of a control parameter;false;true
R3TR;CNPC;DMC: Migration Settings of a Control Parameter;false;true
R3TR;CNPK;Business Configuration Framework Soln. Package Semantic Key;false;true
R3TR;CNRR;Business Configuration Framework Record Semantic Key;false;true
R3TR;CNSI;Business Configuration Framework Scope Item Semantic Key;false;true
R3TR;CNSO;Business Configuration Framework Scope Option Semantic Key;false;true
R3TR;CNSU;Business Configuration Framework SSCUI Semantic Key;false;true
R3TR;CNTL;SEM-SRM Contacts: Logical InfoObject (SRM:CNT);false;true
R3TR;CNTN;DMC: Definition of a Container (Sender/Recipient);false;true
R3TR;CNTP;SEM-SRM Contacts: Physical InfoObject (SRM_CNT);false;true
R3TR;CNTX;Context;false;true
R3TR;CNVN;Conversion Tools: Notification Events;false;true
R3TR;CNVR;Business Configuration Framework SVA Record Semantic Key;false;true
R3TR;COAC;ESF: Action;false;true
R3TR;COAS;ESF: Aspect;false;true
R3TR;COBB;Controlling CO: Calculation base for overhead - detail;false;true
R3TR;COBJ;DMC: Definition of a Conversion Object;false;true
R3TR;COBO;ESF: Business Object;false;true
R3TR;COC1;CO: Cost Centers;false;true
R3TR;COC2;CO: Activity Types;false;true
R3TR;COC3;CO: Statistical Key Figures;false;true
R3TR;COCF;ESF: Configuration;false;true
R3TR;COCO;Control Composite;false;true
R3TR;COE1;Controlling CO: Credit for surcharges - Overview;false;true
R3TR;COE2;Controlling CO: Credit for surcharges - detail;false;true
R3TR;COF1;CO: Cost Elements (Dependent on Chart of Accounts);false;true
R3TR;COF2;Cost elements (controlling area specific data);false;true
R3TR;COK1;Controlling CO: Overview of surcharge conditions;false;true
R3TR;COK2;Controlling CO: Additional data for surcharge conditions;false;true
R3TR;COKS;Controlling CO: costing sheet for overhead;false;true
R3TR;COPR;CompositeProvider;false;true
R3TR;CORL;ESF: Relation;false;true
R3TR;COSM;ESF: Service Modules;false;true
R3TR;COVG;Controlling CO: Transaction groups;false;true
R3TR;CPKM;Meta data of a transport-based correction instruction;false;true
R3TR;CRME;CRM Enterpise Search;false;true
R3TR;CRMF;Folder for CRM;false;true
R3TR;CRML;Logical Information Object for CRM Document Templates;false;true
R3TR;CRMP;Physical Information Object for CRM Document Templates;false;true
R3TR;CRWB;Crystal Reports Template;false;true
R3TR;CTAF;Condition Technique - Application Field;false;true
R3TR;CTAP;Condition Technique - Application;false;true
R3TR;CTAS;S/4HANA Condition Technique - Access Sequence;false;true
R3TR;CTCR;BPC: Control for BPC embeded model;false;true
R3TR;CTCS;BPC: Control set for BPC embeded model;false;true
R3TR;CTCT;Condition Technique - Condition Table;false;true
R3TR;CTDD;Condition Technique - Procedure Type for Info. Determination;false;true
R3TR;CTEM;Customizing templates;false;true
R3TR;CTFC;S/4HANA Condition Technique - Field Catalog;false;true
R3TR;CTFD;Condition Technique - Data Element in Global Field Catalog;false;true
R3TR;CTFF;Condition Technique - Field Name in Global Field Catalog;false;true
R3TR;CTFP;Condition Technique - Dependencies in Global Field Catalog;false;true
R3TR;CTFR;Condition Technique - Relationships in Global Field Catalog;false;true
R3TR;CTMC;Condition Technique - Maintenance Context for Cond. Maint.;false;true
R3TR;CTRF;Condition Technique: Reference Type for Condition Maint.;false;true
R3TR;CTRT;Currency Translation Type;false;true
R3TR;CTSB;Condition Technque - Scale Base Type of Scale;false;true
R3TR;CTTK;Condition Technique - Task (Signature Part);false;true
R3TR;CTTS;Condition Technique - Task (Definition Part);false;true
R3TR;CTUF;Condition Technique - Field of a Usage;false;true
R3TR;CTUS;Condition Technique - Usage;false;true
R3TR;CUAT;Customer enhancements: Menu enhancement texts;false;true
R3TR;CUBE;InfoCube;false;true
R3TR;CUCF;Configuration of a customer initiated Add-On Uninstallation;false;true
R3TR;CUS0;Customizing IMG Activity;false;true
R3TR;CUS1;Customizing Transactions;false;true
R3TR;CUS2;Customizing Attributes;false;true
R3TR;CUS3;Variants of IMG Attributes;false;true
R3TR;CWB1;CWB Project;false;true
R3TR;CWBN;Note Assistant Modification Data;false;true
R3TR;DAAG;Data Aging Object;false;true
R3TR;DAGP;Partitioning Object;false;true
R3TR;DAGR;Aggregate (SAP Delivery);false;true
R3TR;DAGW;Data Aging Object Relevant in Cloud and On-Premise;false;true
R3TR;DALV;Aggregation Level (SAP Delivery);false;true
R3TR;DANM;Analytical Model (shipped version);false;true
R3TR;DANP;Analysis Process (SAP Delivery);false;true
R3TR;DANS;Source for analytical model (shipment version);false;true
R3TR;DAOE;Analysis Office Excel Workbook (SAP Delivery Version);false;true
R3TR;DAOP;Analysis Office Powerpoint (SAP Delivery Version);false;true
R3TR;DAPA;BW Data Archiving Process (Active Version);false;true
R3TR;DAPC;Application Components (SAP Delivery);false;true
R3TR;DAPD;BW Data Archiving Process (Delivered Version);false;true
R3TR;DAQC;Data Analyzer Query(Cross-client content);false;true
R3TR;DAQR;Embedded Data Analyzer Query;false;true
R3TR;DARE;InfoArea (SAP Delivery);false;true
R3TR;DASO;D Version for Analytics Security Object (BI Analysis Auth.);false;true
R3TR;DBAC;Decision Basis Model data - client depending data;false;true
R3TR;DBAW;Decision Basis Model data - cross-client data;false;true
R3TR;DBBP;BPC: BPF (Delivery Version);false;true
R3TR;DBDA;BPC: Data access profile (Delivery Version);false;true
R3TR;DBIT;BI Web Item (NW7.0+) D-Version;false;true
R3TR;DBIX;Delivery Version Control for Data Conversions in BI;false;true
R3TR;DBRS;D-Version: Broadcast Settings (BW);false;true
R3TR;DBTM;BI Web Templates (NW7.0+) D-Version;false;true
R3TR;DCAT;Data Category;false;true
R3TR;DCLS;ABAP Data Control Language Sources;false;true
R3TR;DCOP;Composite Provider (SAP Delivery);false;true
R3TR;DCRW;Crystal Reports Template (SAP Delivery);false;true
R3TR;DCTR;Currency Translation Type (SAP Delivery);false;true
R3TR;DCUB;InfoCube (SAP Delivery);false;true
R3TR;DDAS;Modeled Data Access Service;false;true
R3TR;DDBF;Actions for Database Functions;false;true
R3TR;DDCC;DD: Cache Configuration;false;true
R3TR;DDDA;Modeled Data Access Service (SAP Delivery);false;true
R3TR;DDDD;Changes to Nametab Structure;false;true
R3TR;DDES;Open Hub Destination (SAP Delivery);false;true
R3TR;DDIL;ABAP Dictionary: Trigger CBDA Persistence Update (Ini. Load);false;true
R3TR;DDLA;CDS Annotation Definition;false;true
R3TR;DDLS;Data Definition Language Source;true;false
R3TR;DDLV;CDS Variant;false;true
R3TR;DDLX;CDS metadata extension;false;true
R3TR;DDMM;DataMining Model (Shipped Version);false;true
R3TR;DDOC;Documents Application (SAP Delivery);false;true
R3TR;DDSO;Datastore Object (SAP Delivery);false;true
R3TR;DEBR;BPC: Consolidation business rule for environment(D Version);false;true
R3TR;DELM;Elements of the Query Builder (SAP Delivery);false;true
R3TR;DENV;BPC: Environment (Delivery Version);false;true
R3TR;DEST;Open Hub Destination;false;true
R3TR;DEVC;Package;false;true
R3TR;DEVE;Event Chain Processing (SAP Delivery);false;true
R3TR;DFTH;Structure Buffer for Scenarios: Definition of Nodes;false;true
R3TR;DHAA;HANA Analysis Process (SAP Delivery);false;true
R3TR;DHCP;Hana Composite Provider (SAP Delivery);false;true
R3TR;DHIE;BW Hierarchy (SAP Delivery);false;true
R3TR;DHYB;HybridProvider (SAP Delivery);false;true
R3TR;DIAL;Dialog Module;false;true
R3TR;DICA;InfoCatalog (SAP Delivery);false;true
R3TR;DINS;IQM Inspection Plan (BI) (D Version);false;true
R3TR;DIOB;InfoObject (SAP Delivery);false;true
R3TR;DIOC;InfoObjectCatalog (SAP Delivery);false;true
R3TR;DISC;Call Package (SAP Delivery);false;true
R3TR;DISE;InfoSet in BW (SAP Delivery);false;true
R3TR;DISG;InfoPackage Groups (SAP Delivery);false;true
R3TR;DITM;Transport Object for BW Web Items (D Version);false;true
R3TR;DKEY;Logical Transport Object for Differentiation Key Types;false;true
R3TR;DKPC;BI: KPI Catalog Folder (Delivery);false;true
R3TR;DKPD;BI: KPI Definition (Delivery);false;true
R3TR;DLCC;CRM UIF, Dynamic Layout Configuration / Customer Layer;false;true
R3TR;DLCS;CRM UIF, Dynamic Layout Configuration / SAP layer;false;true
R3TR;DLXX;Extension Index for Table Entities;false;true
R3TR;DMBR;BPC: Consolidation business rule for model(Delivery Version);false;true
R3TR;DMBT;BPC: Consolidation task sequence for model (D version);false;true
R3TR;DMDL;BPC: Model (Delivery Version);false;true
R3TR;DME1;DMEE Format Tree for Outgoing/Incoming Files;false;true
R3TR;DMEA;DMEE Format Tree for Incoming Files;false;true
R3TR;DMEC;Data Medium Exchange Engine (Customer Formats);false;true
R3TR;DMEE;Data Medium Exchange Engine (Formats);false;true
R3TR;DMMO;DataMining Model;false;true
R3TR;DMOD;Data Flow;false;true
R3TR;DMON;ABAP Daemon Application;false;true
R3TR;DMPR;Multi Provider (SAP Delivery);false;true
R3TR;DMSK;Data Masking: Logical transport object;false;true
R3TR;DOBJ;Data Destruction Object;false;true
R3TR;DOCA;Document Store;false;true
R3TR;DOCT;General Text;false;true
R3TR;DOCV;Documentation (Independent);false;true
R3TR;DODS;DataStore Object (SAP Delivery);false;true
R3TR;DOKU;Nodes for Documentation Structure;false;true
R3TR;DOMA;Domain;false;true
R3TR;DPLC;Planning: Characteristic Relationship Object (SAP Delivery);false;true
R3TR;DPLD;Planning: Data Slices (SAP Delivery);false;true
R3TR;DPLQ;Planning Sequence (SAP Delivery);false;true
R3TR;DPLS;Planning Service (SAP Delivery);false;true
R3TR;DPLT;Planning Service Type (SAP Delivery);false;true
R3TR;DQVI;Transport Object for BW Query Views (D Version);false;true
R3TR;DRAS;CDS Aspects;false;true
R3TR;DREL;Report Designer: Reusable Elements, D Version;false;true
R3TR;DRNL;BPC: Journal (Delivery version);false;true
R3TR;DROU;Routine (SAP Delivery);false;true
R3TR;DRPM;Dictionary Replication Metadata;false;true
R3TR;DRPT;BW Enterprise Report Delivery Version;false;true
R3TR;DRTY;CDS Type Definitions;false;true
R3TR;DRUL;Dependency Rule;false;true
R3TR;DSAA;DataSource Application Component Hierarchy (Active Version);false;true
R3TR;DSAD;DataSource Application Component (Delivered Version);false;true
R3TR;DSCS;Communication Structure (SAP Delivery);false;true
R3TR;DSEL;Selection View;false;true
R3TR;DSFD;CDS Scalar Function Definition;false;true
R3TR;DSFI;CDS Scalar Function Implementation Reference;false;true
R3TR;DSFO;BW Formula (Version for Delivery);false;true
R3TR;DSPC;Process Chain (SAP Delivery);false;true
R3TR;DSPI;Interrupting Process (SAP Delivery);false;true
R3TR;DSPT;Process Chain Starter (SAP Delivery);false;true
R3TR;DSPV;Process Variant (SAP Delivery);false;true
R3TR;DSTD;InfoSource Transaction Data (SAP Delivery);false;true
R3TR;DSYS;Chapter of a Book Structure;false;true
R3TR;DTCR;BPC: Control for BPC embeded model (D version);false;true
R3TR;DTCS;BPC: Control set for BPC embeded model (D version);false;true
R3TR;DTDC;Dictionary Tuning: Dynamic Cache;false;true
R3TR;DTEA;BPC: Team (Delivery Version);false;true
R3TR;DTEB;Entity Buffer;false;true
R3TR;DTEL;Data Element;false;true
R3TR;DTF1;Date Functions;false;true
R3TR;DTHJ;Key Date Derivation Type (SAP Delivery);false;true
R3TR;DTMP;Transport Object for BW Web Templates (D Version);false;true
R3TR;DTPA;Data Transfer Process: Active Version;false;true
R3TR;DTPD;Data Transfer Process (SAP Delivery);false;true
R3TR;DTPT;Dictionary Tuning: Partitioning;false;true
R3TR;DTRC;Communication Structure for Transfomration (SAP Delivery);false;true
R3TR;DTRF;Transformation (SAP Delivery);false;true
R3TR;DTSC;Dictionary Tuning: Static Cache;false;true
R3TR;DTTG;Dictionary Tuning: Table Grouping;false;true
R3TR;DUOM;Quantity Conversion Type (SAP Delivery);false;true
R3TR;DUPD;Update Rules (SAP Delivery);false;true
R3TR;DVSL;KW: Logical info object (DVS);false;true
R3TR;DVSP;KW: Physical info object (DVS);false;true
R3TR;DVSS;KW: Structure storage for DVS;false;true
R3TR;DWIB;BW Web Item (BI-Runtime);false;true
R3TR;DWKS;BPC: workspace (Delivery Version);false;true
R3TR;DWPA;BW Web Runtime: Parameter (for Web Item or Command);false;true
R3TR;DXCL;Xcelcius Dashboard Delivery version;false;true
R3TR;DXLW;Excel Workbook (SAP Delivery);false;true
R3TR;DZAP;Analysis Application (SAP Delivery Version);false;true
R3TR;DZEX;Design Studio Extension (SAP Delivery Version);false;true
R3TR;ECAT;eCATT Test Script;false;true
R3TR;ECSD;eCATT System Data Container;false;true
R3TR;ECSP;eCATT Start Profile;false;true
R3TR;ECTC;eCATT Test Configuration;false;true
R3TR;ECTD;eCATT Test Data Container;false;true
R3TR;ECVO;eCATT Validation Object;false;true
R3TR;ED01;SD: EDI Customizing: Table EDPAR;false;true
R3TR;ED02;SD: EDI Customizing: Table EDSYN;false;true
R3TR;ED03;SD: EDI Customizing: Table EDMAP;false;true
R3TR;ED04;SD: EDI Customizing: Table EDPVW;false;true
R3TR;ED05;SD: EDI Customizing: Table EDSDC;false;true
R3TR;EDID;Document Compliance:eDoc. Proc. Step Interface determination;false;true
R3TR;EDMD;Document Compliance:eDoc. Mapping Class determination;false;true
R3TR;EDOA;Document Compliance Fiori Cockpit Extensibility;false;true
R3TR;EDOC;Document Compliance Cockpit FlowChart Route;false;true
R3TR;EDOD;Document Compliance Fiori Cockpit:Dialog Handling Classes;false;true
R3TR;EDOE;Document Compliance: eDocument Extended;false;true
R3TR;EDOF;Document Compliance: eDocument File Type;false;true
R3TR;EDOI;Document Compliance: eDocument Interface;false;true
R3TR;EDOM;Document Compliance: eDocument Incoming Message;false;true
R3TR;EDOP;Document Compliance: Process Manager;false;true
R3TR;EDOR;Document Compliance: eDocument RAL Configuration;false;true
R3TR;EDOS;Document Compliance Fiori Cockpit:Status Allowed Function;false;true
R3TR;EDOT;Document Compliance: eDocument Type;false;true
R3TR;EDOX;Document Compliance: eDocument Fields to be excluded;false;true
R3TR;EDOY;Document Compliance Fiori Cockpit:Error Analysis Classes;false;true
R3TR;EEEC;Enterprise Event Enablement - Event Consumer;false;true
R3TR;EEEP;Enterprise Event Enablement - Event Producer;false;true
R3TR;EFCL;Form Class;false;true
R3TR;EFOM;Print Workbench Application Form;false;true
R3TR;EHVD;Profile for HTML/XML Customer Information;false;true
R3TR;ELEM;Elements of the Query Builder;false;true
R3TR;ELEV;Query Designer: Text Verticalization;false;true
R3TR;ENBC;Switch On/Off BAdI Implementation per IMG;false;true
R3TR;ENHC;Composite Enhancement Implementation;false;true
R3TR;ENHO;Enhancement Implementation;false;true
R3TR;ENHS;Enhancement Spot;false;true
R3TR;ENQU;Lock Object;false;true
R3TR;ENSC;Composite Enhancement Spot;false;true
R3TR;ENVD;Data Environment for CIC Navigation Area;false;true
R3TR;ENVM;BPC: Environment;false;true
R3TR;EPDC;IS-U: Master Data Template;false;true
R3TR;EREL;Report Designer: Reusable Element;false;true
R3TR;ERPT;BW Enterprise Report;false;true
R3TR;ESH1;ESH: CDS Search Model;false;true
R3TR;ESH2;Enterprise Search: CDS Search Model Metadata;false;true
R3TR;ESH3;Enterprise Search: CDS Search Model Metadata Extension;false;true
R3TR;ETDC;ETD Configuration;false;true
R3TR;EVEN;Event- Administration Chains;false;true
R3TR;EVTB;RAP Event Binding;false;true
R3TR;EXCC;External operating system command defined by customer;false;true
R3TR;EXCS;External operating system command delivered by SAP;false;true
R3TR;F011;Financial statement version;false;true
R3TR;F01U;Company Code Clearing;false;true
R3TR;F03;Document Types;false;true
R3TR;F09;Fiscal Year Variants;false;true
R3TR;F12;House Banks/Bank Accounts in Company Code;false;true
R3TR;F211;Line Layout Variants - Document Display;false;true
R3TR;F212;Line Layout Variants - Line Items;false;true
R3TR;F213;Line Layout Variants - Clearing Transactions;false;true
R3TR;F214;Line Layout Variants - Automatic Payment;false;true
R3TR;F215;Line Layout Variants - Automatic Payments/Line Items;false;true
R3TR;F216;Line Layout Variants for Payment Advice Items;false;true
R3TR;F217;Line Layout Variants - External Documents;false;true
R3TR;F218;Line Layout Variants - Invoice Parking;false;true
R3TR;F219;Line Layout Variant for Overview when Posting Document;false;true
R3TR;F21B;Totals Variants;false;true
R3TR;F21C;Line structure variants - credit management;false;true
R3TR;F21M;FI-CA: Line item line layout variants (open items);false;true
R3TR;F21O;FI-CA: Clearing line layout variants (open items);false;true
R3TR;F21P;FI-CA: Document overview line layout variants (display doc);false;true
R3TR;F21R;Field Selection Lists;false;true
R3TR;F21S;FI-CA: Posting totals line layout variants;false;true
R3TR;F21V;Default Values for Line Layout/Totals variants;false;true
R3TR;F21W;FI-CA: Repetition items line layout variants;false;true
R3TR;F221;Credit Management Sort Variants;false;true
R3TR;F222;Sort Variants - Payment Media/Correspondence;false;true
R3TR;F223;Sort Variants - Payment Media/Line Items;false;true
R3TR;F224;Sort Variants - Correspondence/Nodes;false;true
R3TR;F225;Sort Variants - Correspondence/Internal Documents;false;true
R3TR;F226;Sort Variants - Correspondence/Line Items;false;true
R3TR;F227;Sort Variants for Line Item Display;false;true
R3TR;F228;Line Layout;false;true
R3TR;F22M;Line Layout: Line Item;false;true
R3TR;F22N;Sort variants: Printing of dunning notice/dunning header;false;true
R3TR;F22O;Line Layout;false;true
R3TR;F22P;Line Layout;false;true
R3TR;F22Q;Sort variants: Printing of dunning notice/dunning line item;false;true
R3TR;F22S;Line Layout: Posting Totals;false;true
R3TR;F22W;Line Layout;false;true
R3TR;F30;Automatic Postings - Account Determination;false;true
R3TR;F30B;Automatic Postings - Posting Keys;false;true
R3TR;F30G;Automatic Postings - Business Area Breakdown;false;true
R3TR;F30K;Automatic Tax Postings - Account Determination;false;true
R3TR;F30R;Automatic Postings: Rules;false;true
R3TR;F30S;Automat. Postings Exchange Rate Diff. - Account Determin.;false;true
R3TR;F30U;Automatic Postings - Bal.Sheet Prep./Bus.Area Breakdown;false;true
R3TR;F33F;Account Determination (Posting Interface);false;true
R3TR;F41A;Clearing Transactions;false;true
R3TR;F42;Payment Program: Company Codes;false;true
R3TR;F42A;Payment Program: Bank Selection (ranking);false;true
R3TR;F42B;Payment Program: Paying Company Codes;false;true
R3TR;F42D;Payment Program: Available Amounts;false;true
R3TR;F42E;Payment Program: Payment Methods in Company Code;false;true
R3TR;F42I;Payment Program: Account Determination;false;true
R3TR;F42P;Payment Program: Bank Selection (by Postal Code);false;true
R3TR;F42S;Payment Program: Charges;false;true
R3TR;F42V;Payment Program: Value Date;false;true
R3TR;F42Z;Payment Program: Payment Methods in Country;false;true
R3TR;F47;Dunning program: Company code data;false;true
R3TR;F47A;Dunning program: Dunning procedure;false;true
R3TR;F47F;Dunning program: Sort fields;false;true
R3TR;F47I;Dunning program: Texts;false;true
R3TR;F74;Special G/L: Account Determination;false;true
R3TR;F74U;Special G/L: Indicator;false;true
R3TR;FARC;TABU entries in TR01 ( Archiving );false;true
R3TR;FAV;Worklists;false;true
R3TR;FAVA;Automatic Worklists;false;true
R3TR;FBCP;Configurable Components;false;true
R3TR;FBCT;Logical Transport Object;false;true
R3TR;FBLC;Local Content;false;true
R3TR;FBPA;BW: Open ODS View;false;true
R3TR;FBPD;BW: Open ODS View (SAP Delivery);false;true
R3TR;FC01;Copy company code: XSKB1;false;true
R3TR;FC02;Copy company code: XT012;false;true
R3TR;FC03;Copy company code: XT001S;false;true
R3TR;FC04;Copy company code: XT001T;false;true
R3TR;FC07;Copy company code: XT043T;false;true
R3TR;FC08;Copy company code: XT043G;false;true
R3TR;FC10;Copy company code: XT079D;false;true
R3TR;FC11;Copy company code: XT079K;false;true
R3TR;FC12;Copy company code: XT042;false;true
R3TR;FC13;Copy company code: XT047;false;true
R3TR;FC14;Copy company code: XT031;false;true
R3TR;FC15;Copy company code: XT001R;false;true
R3TR;FC16;Copy company code: XTBAER;false;true
R3TR;FC17;Copy company code: XT035;false;true
R3TR;FC18;Copy company code: XT048I;false;true
R3TR;FC19;Copy company code: XT001N;false;true
R3TR;FC30;Copy company code: XT012 + XT042;false;true
R3TR;FC31;Copy company code: XT012 + XT035;false;true
R3TR;FC32;Copy company code: XT001T (T056D);false;true
R3TR;FC40;Copy company code: Without condition;false;true
R3TR;FC42;Transport company code: Fixed ledgers (T895);false;true
R3TR;FC43;Copy company code: Special Ledgers (T886B);false;true
R3TR;FC44;Transport company code: Fixed ledgers (T882);false;true
R3TR;FC60;Transport chart of accounts: Chart of accounts (T004);false;true
R3TR;FC61;Transport Chart of Accounts: Accounts (SKA1,SKM1);false;true
R3TR;FC62;Transport chart of accounts: T030,T030R with restrictions;false;true
R3TR;FC63;Transport chart of accounts: Acct. det. (T030x,T045W,T074);false;true
R3TR;FC64;Transport Chart of Accounts: Accounts (Texts in Sep.Lang.);false;true
R3TR;FC65;Transport Chart of Accounts: Accounts (T077S/Z);false;true
R3TR;FC66;Transport chart of accounts: Posting interface (T033G);false;true
R3TR;FC67;Transport chart of accounts: T030, T030R w/out restrictions;false;true
R3TR;FC68;Transport Chart of Accounts: Accounts in Company Code (SKB1);false;true
R3TR;FC69;Transport Chart of Accts: Accounts (Texts in All Languages);false;true
R3TR;FDT0;FDT/BRFplus: System Application;false;true
R3TR;FDT1;FDT/BRFplus: Customizing Application;false;true
R3TR;FDT3;BRFplus ATO Transport (Application);false;true
R3TR;FDT4;BRFplus CTS Transport (System);false;true
R3TR;FDT5;BRFplus CTS Transport (Customizing);false;true
R3TR;FF$6;Check setting;false;true
R3TR;FILE;File Container;false;true
R3TR;FKM0;TABLES WITH CHANGED DOCUMENT TYPES;false;true
R3TR;FO12;Management contract field status transport;false;true
R3TR;FO6A;Application field status transport;false;true
R3TR;FOBJ;Scmb front-end objects;false;true
R3TR;FORM;SAPscript Form;false;true
R3TR;FS01;Fast Entry: SAPMF05A-RE/GU;false;true
R3TR;FS02;Fast Entry: SAPMF05A-SAKOP;false;true
R3TR;FS03;Fast Entry: SAPMF40K-KNTAZ;false;true
R3TR;FS04;Fast Entry: SAPMF40S-SCHKR;false;true
R3TR;FS05;Fast Entry: SAPMK23B-CI;false;true
R3TR;FS06;Fast Entry: SAPMK23B-CL;false;true
R3TR;FS07;Fast Entry: SAPMK23B-CU;false;true
R3TR;FS08;Fast Entry: SAPLF040-PRPOS;false;true
R3TR;FS09;Fast Entry: SAPLFICP-ICPOS;false;true
R3TR;FS10;Fast Entry: SAPMK23B-CU2;false;true
R3TR;FS11;Fast Entry: SAPMK23B-CN;false;true
R3TR;FS12;Fast Entry: SAPMKMA1-COMA1;false;true
R3TR;FS13;Fast Entry: SAPLFKMT-KMPOS;false;true
R3TR;FS14;Fast Entry: SAPLFRAD-AVIP;false;true
R3TR;FS15;Fast Entry: SAPMKAUF-ORC;false;true
R3TR;FS20;Fast Entry: SAPLKWM3-COBPR;false;true
R3TR;FS21;Fast Entry: SAPLKMA1-COKST;false;true
R3TR;FS91;Fast Entry: Business Partner Line Items;false;true
R3TR;FS92;Fast Entry: General Ledger Line Items;false;true
R3TR;FS93;Fast Entry: Payment Lot Line Items;false;true
R3TR;FSIP;Implementation Project (Service Implementation Workbench);false;true
R3TR;FSL;Posting Keys;false;true
R3TR;FSLT;Posting Key Texts;false;true
R3TR;FT01;Document Type/Posting Key - Default Values;false;true
R3TR;FTCT;Feature Toggle: activation for business configuration;false;true
R3TR;FTG2;Feature Toggle;false;true
R3TR;FTGL;Feature toggle;false;true
R3TR;FTIN;Feature Toggle - PFDB Innovation Data;false;true
R3TR;FTRL;FINB Transport-Tool: Client Copy - Bill of Material;false;true
R3TR;FTXP;Tax Code;false;true
R3TR;FUGR;Function Group;false;true
R3TR;FUGS;Function Group with Customer Include: SAP Part;false;true
R3TR;FUGX;Function Group with Customer Include: Customer Part;false;true
R3TR;FVAC;DMC: Migration Settings of a Fixed Value;false;true
R3TR;FVAL;DMC: Definition and Standard Variant of a Fixed Value;false;true
R3TR;FXER;Relevant Text IDs;false;true
R3TR;FXID;Text IDs;false;true
R3TR;G4BA;SAP Gateway OData V4 Backend Service Group & Assignments;false;true
R3TR;G4BG;OBSOLETE - replaced by G4BA;false;true
R3TR;G4BS;SAP Gateway OData V4 Backend Service;false;true
R3TR;GADO;Generic Audit Filter - Registered Data Objects;false;true
R3TR;GAFI;Generic Audit Filter - Audit Filter Set;false;true
R3TR;GALF;Generic Audit Filter - Logical Field;false;true
R3TR;GAPR;Generic Audit Filter - Mapp Report SelScreen to Data Object;false;true
R3TR;GCCV;Cross-Client Validation Check;false;true
R3TR;GCLP;Registry Entry of a Code in Generic Codelist Provider;false;true
R3TR;GCPM;SAP Gateway OData Client Proxy - Proxy Model;false;true
R3TR;GEVT;Events table in Gemini;false;true
R3TR;GFSQ;Generic Fast Search Query;false;true
R3TR;GFSV;Generic Fast Search View;false;true
R3TR;GILE;GenIL Component Enhancement;false;true
R3TR;GLE0;ECS Derivation Strategy;false;true
R3TR;GLE1;ECS Derivation Strategy (Steps);false;true
R3TR;GLOS;Transport of Glossary Tables;false;true
R3TR;GPVD;Variants for locally gen.proga. with client-spec.meta object;false;true
R3TR;GPVI;Variants for locally gen.prog.with client-indep.meta object;false;true
R3TR;GSMP;Generic Simple Metric Provider;false;true
R3TR;GURL;Predefined URL;false;true
R3TR;HAAP;HANA Analysis Process;false;true
R3TR;HCFQ;Help Center: FAQs;false;true
R3TR;HCLN;Help Center: Documents;false;true
R3TR;HCNS;Help Center: Namespace;false;true
R3TR;HCPR;SAP HANA Composite Provider;false;true
R3TR;HDSA;Derivation Tree (HDS) / Application Data;false;true
R3TR;HDSI;Derivation Tree (HDS) / System Customizing;false;true
R3TR;HDST;Derivation Tree (HDS);false;true
R3TR;HEUR;Heuristics;false;true
R3TR;HIER;BW Hierarchies;false;true
R3TR;HLPF;Link DS/screen field;false;true
R3TR;HOTA;Full Package (SAP HANA Transport for ABAP);false;true
R3TR;HRFC;HR Forms: Form Class;false;true
R3TR;HRFD;HR Forms: Relations LDB Fields-MetaFields;false;true
R3TR;HRFO;HR Forms;false;true
R3TR;HRMD;HR Forms: MetaDimension;false;true
R3TR;HRMF;HR Forms: MetaFigure;false;true
R3TR;HRMN;HR Forms: MetaNet;false;true
R3TR;HRMO;HR Forms: Country-Specific MetaStars for Int. MetaNet;false;true
R3TR;HRMS;HR Forms: MetaStar;false;true
R3TR;HRMT;HR Forms: Country-Specific MetaDims for Int. MetaStar;false;true
R3TR;HRNR;Organizational Management and Workflow: Prefix Numbers;false;true
R3TR;HRPM;HR Process Model;false;true
R3TR;HRSF;HRSFI: Field Set for Data Import;false;true
R3TR;HTST;HTTP State;false;true
R3TR;HTTP;HTTP Service;false;true
R3TR;HYBR;HybridProvider;false;true
R3TR;IAJU;IAC - JavaScript Objects (Non-Language-Specific);false;true
R3TR;IAKC;Table for Converting IAC Object Names;false;true
R3TR;IAM0;IAM: Insurance Activity Management;false;true
R3TR;IAMA;MiniApps;false;true
R3TR;IAML;Language-Dependent IAC Binary Data;false;true
R3TR;IAMU;Language-Independent IAC Binary Data;false;true
R3TR;IAMX;MiniApp;false;true
R3TR;IAPD;Project Data for Implementation Assistant Nodes;false;true
R3TR;IARP;Parameters of IAC Language Resource;false;true
R3TR;IASP;Parameters of an IAC service;false;true
R3TR;IATH;Implementation Assistant: Nodes;false;true
R3TR;IATL;Language-Dependent IAC Templates;false;true
R3TR;IATU;Language-Independent IAC Templates;false;true
R3TR;IAXU;ITS: XML Templates for HTML Templates;false;true
R3TR;ICFA;Administrative ICF services;false;true
R3TR;IDCV;View of logical message for IDoc type;false;true
R3TR;IDOC;IDoc Type;false;true
R3TR;IEXT;Enhancement;false;true
R3TR;IFFI;Interface Definition;false;true
R3TR;IFFM;Interface Mapping;false;true
R3TR;IFMC;Incoming File Mapping (Customer);false;true
R3TR;IFME;Incoming File Mapping;false;true
R3TR;ILM1;OBSOLETE, NOT TO BE USED;false;true
R3TR;ILM2;OBSOLETE, NOT TO BE USED;false;true
R3TR;ILMB;ILM Object;false;true
R3TR;ILMP;ILM Object (Paper Documents);false;true
R3TR;ILOT;Logic. Transport Object for Object Types for Object Relships;false;true
R3TR;ILTP;Logical Transport Object for Relationship Types;false;true
R3TR;IMP0;IMP: Insurance Mass Procesing;false;true
R3TR;INA1;InA Service;false;true
R3TR;INSP;IQM Inspection Plan (BI);false;true
R3TR;INTF;Interface (ABAP Objects);false;true
R3TR;INTM;Intelligent Scenario Model;false;true
R3TR;INTS;Intelligent Scenario;false;true
R3TR;IOBC;InfoObject catalog;false;true
R3TR;IOBJ;InfoObject;false;true
R3TR;IOBV;BI InfoObject Texts for Text Verticalization;false;true
R3TR;ISCP;Call Package;false;true
R3TR;ISCS;Communication structure;false;true
R3TR;ISET;InfoSet in BW;false;true
R3TR;ISFS;DataSource Replica;false;true
R3TR;ISIG;InfoPackage group;false;true
R3TR;ISIP;InfoPackage;false;true
R3TR;ISMD;InfoSource master data;false;true
R3TR;ISMP;Transfer Rules;false;true
R3TR;ISMT;Transfer InfoSource master data;false;true
R3TR;ISRC;Insurance: Search Application;false;true
R3TR;ISRV;Intelligent Services;false;true
R3TR;ISTD;InfoSource transaction data;false;true
R3TR;ISTS;Transfer structure;false;true
R3TR;ISTT;Transfer InfoSource transaction data;false;true
R3TR;ISVC;Services: Assignment to Classes;false;true
R3TR;ITEM;Transport Object for BW Web Items;false;true
R3TR;IWCL;Logical information object;false;true
R3TR;IWCP;Physical Information Object;false;true
R3TR;IWCS;Structure storage system;false;true
R3TR;IWMO;SAP Gateway Business Suite Enablement - Model;false;true
R3TR;IWNG;Notification Gateway - Notification Provider Registration;false;true
R3TR;IWOM;SAP Gateway: Model Metadata;false;true
R3TR;IWPR;SAP Gateway BSE - Service Builder Project;false;true
R3TR;IWSC;SAP Gateway:Screen scraping;false;true
R3TR;IWSG;SAP Gateway: Service Groups Metadata;false;true
R3TR;IWSV;SAP Gateway Business Suite Enablement - Service;false;true
R3TR;IWVB;SAP Gateway Business Suite Enablement -Vocabulary Annotation;false;true
R3TR;IWVO;SAP Gateway Business Suite Enablement - Vocabulary;false;true
R3TR;JOBD;Technical Job Definition;false;true
R3TR;JRNL;BPC: Journal;false;true
R3TR;K33E;FI-CA Account Determ.: Key Selection;false;true
R3TR;K33F;FI-CA Account Determination;false;true
R3TR;K33V;FI-CA Account Determination (Views);false;true
R3TR;K34E;FI-CA Acct Determination: Key Selection (Current Setting);false;true
R3TR;K34F;FI-CA Account Determination (Current Setting);false;true
R3TR;K34V;FI-CA Account Determination - Views (Current Setting);false;true
R3TR;KCDM;SAP-EIS: Sender programs and environment;false;true
R3TR;KCHI;SAP EIS: Hierarchies;false;true
R3TR;KCKF;SAP-EIS: Key figures - formula levels;false;true
R3TR;KCKK;SAP-EIS: Key figures - aspect assignment;false;true
R3TR;KCKR;SAP-EIS: Key figures;false;true
R3TR;KCKT;SAP-EIS: Key figure - table assignment;false;true
R3TR;KEFI;CO-PA: logical object for characteristics, value fields;false;true
R3TR;KEHR;CO-PA General Structure Repository;false;true
R3TR;KEOP;Logical object for an operating concern;false;true
R3TR;KEPF;Planning Profile;false;true
R3TR;KEPV;Planning Level;false;true
R3TR;KES1;Transport form/Report Painter;false;true
R3TR;KOM1;Controlling: Model order;false;true
R3TR;KOM2;Controlling: Model order - dependent data;false;true
R3TR;KPCE;BI: KPI Catalog Folder;false;true
R3TR;KPDF;BI: KPI Definition;false;true
R3TR;KPPL;KPP: Logical Information Object;false;true
R3TR;KPPP;KPP: Physical Information Object;false;true
R3TR;KPPR;KPP: Relationship Between Information Objects;false;true
R3TR;KWPL;KWPW: Logical Information Object;false;true
R3TR;KWPP;KWPW: Physical Information Object (Help);false;true
R3TR;KWPW;KWPW: Structure Storage;false;true
R3TR;LAYO;TM: Page Layout of Transportation Management;false;true
R3TR;LCML;TMA Task List;false;true
R3TR;LCMT;TMA Task;false;true
R3TR;LDBA;Logical Database;false;true
R3TR;LDPL;Process Sheet: Logical Information Object;false;true
R3TR;LDPP;Process Sheet: Physical Information Object;false;true
R3TR;LDPS;Process Sheet: Physical Info Object (Delivery);false;true
R3TR;LFCC;TM: Field Catalog of Page Layouts - C-tables;false;true
R3TR;LFCS;TM: Field Catalog of Page Layouts - S-tables;false;true
R3TR;LGNR;MM-WM: Warehouse number;false;true
R3TR;LOBJ;Object relevant for translation;false;true
R3TR;LODC;HRDSYS: Logical information object client-dep. table C;false;true
R3TR;LODE;HRDSYS: Logical information object client-dep. table E;false;true
R3TR;LODS;HRDSYS: Logical information object client-dep. table E SYST;false;true
R3TR;LOIE;HRDSYS: Logical information object client-indep. table E;false;true
R3TR;LOIO;Solution Manager Document: Logical Info Object;false;true
R3TR;LPDC;Launchpad short texts;false;true
R3TR;LPDS;Launchpad Short Texts;false;true
R3TR;LPDT;Launchpad Short Texts;false;true
R3TR;LPOA;Semantically partitioned object: Active version;false;true
R3TR;LPOD;Semantically partitioned object: Content version;false;true
R3TR;LRCC;LRepository cross-client content;false;true
R3TR;LRCD;LRepository client-dependent content;false;true
R3TR;LRST;LRepository client-dependent content - customizing requests;false;true
R3TR;LTHR;ALV: HTML Templates (Raw Version);false;true
R3TR;LTHT;ALV: HTML Templates (Translated Templates);false;true
R3TR;LTRC;Landscape Transformation Repository: Object Version;false;true
R3TR;LTRD;Landscape Transformation Repository: Object Header;false;true
R3TR;LTXP;Language Transport: Exit Handling;false;true
R3TR;M457;Profile for Master Production Scheduling Evaluations;false;true
R3TR;MAPN;Solution Map: Node definition;false;true
R3TR;MBCA;Measure Catalog (Active Version);false;true
R3TR;MBCD;Measure Catalog (SAP Delivery Version);false;true
R3TR;MBHA;Measure Hierarchy (Active Version);false;true
R3TR;MBHD;Measure Hierarchy (SAP Delivery Version);false;true
R3TR;MBMA;Measures (Active Version);false;true
R3TR;MBMD;Measures (SAP Delivery Version);false;true
R3TR;MBNA;Measure Nodes (Active Version);false;true
R3TR;MBND;Measure Nodes (SAP Delivery Version);false;true
R3TR;MBRA;Measure Reference;false;true
R3TR;MC01;Migration Cockpit Project;false;true
R3TR;MC02;Migration Cockpit: Staging;false;true
R3TR;MCDT;Migration Cockpit Project - Direct Transfer;false;true
R3TR;MCEV;LIS Event;false;true
R3TR;MCID;Matchcode ID;false;true
R3TR;MCIN;Info Structure: Lockable Object;false;true
R3TR;MCOB;Matchcode Object;false;true
R3TR;MCPT;LIS: planning type, macro;false;true
R3TR;MCUA;Update Setting of an Info Structure;false;true
R3TR;MCUN;LIS Units;false;true
R3TR;MD25;Planning Calendar;false;true
R3TR;MDAS;Definition of eCATTs for Handling of non transp. objects;false;true
R3TR;MDGT;Transport Tool: Client Copy - Piece List;false;true
R3TR;MESD;Mobile Solution Descriptor;false;true
R3TR;MGCF;Device Configuration - Configuration Template;false;true
R3TR;MODL;BPC: Model;false;true
R3TR;MPRO;MultiProvider;false;true
R3TR;MSAG;Message Class;false;true
R3TR;MSPI;Representative List of Rents;false;true
R3TR;MTXT;Manual Activities in the Correction Instructions;false;true
R3TR;MWBU;MWB: Data for Integrated Upgrade;false;true
R3TR;NHDU;HANA Transport Container;false;true
R3TR;NHLC;HANA Language Container;false;true
R3TR;NONT;RESTful ABAP Programming Model: Object Node Type;false;true
R3TR;NOTE;SAP Note;false;true
R3TR;NROB;Number Range Object;false;true
R3TR;NSPC;Namespace in R/3 Repository;false;true
R3TR;NTTA;Note Type Assignments for RAP;false;true
R3TR;NTTY;Note Types for RAP;false;true
R3TR;OA2G;OAuth 2.0 Scopeset;false;true
R3TR;OA2P;OAuth 2.0 Client Profile;false;true
R3TR;OA2S;OAuth2 Scope;false;true
R3TR;OBJA;SOBJ: API called by an after import method;false;true
R3TR;OBJM;SOBJ: Meta data of an AIM of a transport object;false;true
R3TR;OCAO;Output Control Application Object Type;false;true
R3TR;OCSV;;false;true
R3TR;ODPE;Operational Data Provider (ESH-Based);false;true
R3TR;ODPN;ODP;false;true
R3TR;ODSO;DataStore Object;false;true
R3TR;OFAM;Logical Transport Object for Object Families;false;true
R3TR;OIIS;Storage object characteristics - type ref.data (IS Oil BDRP);false;true
R3TR;OIIT;Storage object characteristics - type (IS Oil BDRP);false;true
R3TR;OIIV;Operations Time Window Set (OTWS) - ref set ID;false;true
R3TR;OIIW;Operations Time Window Set (OTWS) - reference set;false;true
R3TR;OMLM;Output Management: T100 Longtext Link Mapping;false;true
R3TR;OSOA;DataSource (Active Version);false;true
R3TR;OSOD;DataSource (Delivered Version);false;true
R3TR;OTGR;Object type group;false;true
R3TR;OVFC;Online Validation Framework Check Definition;false;true
R3TR;PA01;SD: Partner customizing - partner determination procedure;false;true
R3TR;PA02;SD: Partner Customizing - Partner Roles;false;true
R3TR;PA03;SD: Partner customizing - partner roles;false;true
R3TR;PAI1;Predictive Analytics Integrator : Predictive Scenario;false;true
R3TR;PAIM;Predictive Analytics Integrator : Predictive Model;false;true
R3TR;PARA;SPA/GPA Parameters;false;true
R3TR;PCEX;Exceptions for Package Check;false;true
R3TR;PCFF;Predefined Custom Field;false;true
R3TR;PCFN;Predefined Field: Extensible Node;false;true
R3TR;PCHK;Setting Parameters for Package Check;false;true
R3TR;PCI1;Interface toolbox: Transport object, interface format;false;true
R3TR;PCI2;Interface toolbox: Transport object for file layout;false;true
R3TR;PCLA;Program Class for BW Generation Tools;false;true
R3TR;PCYC;HR: Transport customer PC rules;false;true
R3TR;PCYS;HR: Transport standard personnel calculation rules;false;true
R3TR;PDAC;Standard rule;false;true
R3TR;PDTG;Task Group;false;true
R3TR;PDTS;Standard Task;false;true
R3TR;PDWA;Workflow Pattern with All Versions;false;true
R3TR;PDWS;Workflow template;false;true
R3TR;PE00;Posting Engine Used TRules;false;true
R3TR;PE01;Migration Project - Direct Transfer;false;true
R3TR;PE02;Migration Object - Direct Transfer;false;true
R3TR;PE12;Migration Interface - Direct Transfer;false;true
R3TR;PE14;Migration Interface Mapping - Direct Transfer;false;true
R3TR;PERS;Personalization object;false;true
R3TR;PFCC;Transport User-Defined Functions in Payroll;false;true
R3TR;PFCS;Transport SAP Standard Function in Payroll;false;true
R3TR;PFLV;Personas: Flavor;false;true
R3TR;PFRM;Form for payroll remuneration statement;false;true
R3TR;PFRS;Personas: Flavor Role sharing;false;true
R3TR;PFTC;Transport user-defined function in time management;false;true
R3TR;PFTS;Transport SAP standard function in time management;false;true
R3TR;PFUS;Personas: User Sharing;false;true
R3TR;PGSC;Personas: Global script;false;true
R3TR;PHDC;HRDSYS: physical information object client-dep. table C;false;true
R3TR;PHDE;HRDSYS: physical information object client-dep. table E;false;true
R3TR;PHDS;HRDSYS: physical information object client-dep. table E SYST;false;true
R3TR;PHIE;HRDSYS: physical information object client-indep. table E;false;true
R3TR;PHIO;Solution Manager Document: Physical Info Object;false;true
R3TR;PICN;Personas: Icon;false;true
R3TR;PINF;Package interface;false;true
R3TR;PLCR;Characteristic Relationship Object for Planning;false;true
R3TR;PLDS;Planning Data Slices;false;true
R3TR;PLGN;Plugin;false;true
R3TR;PLGX;cCTS Service Plug-Ins;false;true
R3TR;PLSE;Planning Service;false;true
R3TR;PLSQ;Planning Sequence;false;true
R3TR;PLST;Planning Service Type;false;true
R3TR;PMKC;HR: Transport customer features;false;true
R3TR;PMKS;HR: Transport of standard features;false;true
R3TR;POCC;Transport User-Defined Operation in Payroll;false;true
R3TR;POCS;Transport SAP standard operation in payroll;false;true
R3TR;PORG;Organizational Dependency Types (Product Master);false;true
R3TR;POTC;Transport user-defined operation in time management;false;true
R3TR;POTS;Transport SAP standard operation in time management;false;true
R3TR;PRAG;Pragma in ABAP Source Code;false;true
R3TR;PRAP;Logical Transport Object for Applications in Product Master;false;true
R3TR;PRAW;Personas: RAW data (resource or icon);false;true
R3TR;PREO;Personas: Resource;false;true
R3TR;PRIN;Printer Description;false;true
R3TR;PROG;Program;true;false
R3TR;PROJ;DMC: Definition of a Project;false;true
R3TR;PROL;Personas: Role;false;true
R3TR;PROX;Proxy for Interface from IFR;false;true
R3TR;PRTA;Personas: Role-/Theme-Assignment;false;true
R3TR;PRWZ;Wizard Definition;false;true
R3TR;PSCC;HR: Transport customer schemas;false;true
R3TR;PSCS;HR: Transport standard schemas;false;true
R3TR;PSRO;Project Status Report (Element and Sample);false;true
R3TR;PT01;Migration Project Template - Direct Transfer;false;true
R3TR;PT02;Migration Object Template - Direct Transfer;false;true
R3TR;PTHE;Personas: Theme;false;true
R3TR;PTML;Personas: Template;false;true
R3TR;PTYP;Logical Transport Object for Product Types;false;true
R3TR;PURP;Purpose;false;true
R3TR;PVPA;HR-CH: PC Parameters;false;true
R3TR;PVSP;HR-CH: Processing schedule;false;true
R3TR;PYAC;Payroll Control Center - Analytical Chart Configuration;false;true
R3TR;PYAD;Payroll Control Center - Analytics Designer Type;false;true
R3TR;PYAN;Payroll Control Center - Analytics Configuration;false;true
R3TR;PYDI;Generated Inst(for Step, Validation Rule, Analytics Chart);false;true
R3TR;PYKT;Payroll Control Center - KPI Type Configuration;false;true
R3TR;PYPL;Payroll Control Center Configuration Workbench Policy;false;true
R3TR;PYPR;Payroll Control Center - Process Configuration;false;true
R3TR;PYPT;Payroll Control Center - Process Template;false;true
R3TR;PYSL;Payroll Control Center - Solution Configuration;false;true
R3TR;PYST;Payroll Control Center - Step Template Configuration;false;true
R3TR;PYTA;Payroll Control Center - Tasklist Analytics;false;true
R3TR;PYTD;Payroll Control Center - Tasklist Analytics Designer;false;true
R3TR;PYTK;Payroll Control Center - Tasklist KPI;false;true
R3TR;PYTP;Payroll Control Center - Policy Type Configuration;false;true
R3TR;PYTR;Payroll Control Center - Process Type Configuration;false;true
R3TR;PYTV;Payroll Control Center - Tasklist Validation Rule;false;true
R3TR;PYVR;Payroll Control Center - Validation Rule Configuration;false;true
R3TR;PYVT;Payroll Control Center - Validation Rule Type Configuration;false;true
R3TR;QMML;KW: Logical Information Object (QM_MANUAL);false;true
R3TR;QMMP;Logical Transport Object;false;true
R3TR;QMMS;KW: Structure repository for QMMANUAL;false;true
R3TR;QVIW;Transport Object for BW Query View;false;true
R3TR;RABR;Read Access Logging: Recording;false;true
R3TR;RADB;Read Access Logging: Dynpro;false;true
R3TR;RADY;Read Access Logging: Dynpro (old);false;true
R3TR;RAGB;Read Access Logging: Generic Channel;false;true
R3TR;RAGC;Read Access Logging: Generic Channel (old);false;true
R3TR;RAPA;Planning package for the Report Agent;false;true
R3TR;RARB;Read Access Logging: Remote Function Call;false;true
R3TR;RARF;Read Access Logging: Remote Function Call (old);false;true
R3TR;RASB;Read Access Logging: Web-Service;false;true
R3TR;RASE;Settings for the Report Agent (BW);false;true
R3TR;RAWB;Read Access Logging: Web Dynpro;false;true
R3TR;RAWD;Read Access Logging: Web Dynpro (old);false;true
R3TR;RAWS;Read Access Logging: Web-Service (old);false;true
R3TR;RCAL;DMC: Rule Calls;false;true
R3TR;RD01;Route Definition: Routes;false;true
R3TR;RD02;Route Definition: Legs;false;true
R3TR;RD03;Route Definition: Nodes;false;true
R3TR;RD04;Route Definition: Modes of Transport;false;true
R3TR;RD05;Route Definition: Shipping Type;false;true
R3TR;RDOM;Read Access Logging: Log Domain;false;true
R3TR;RECW;Recording Object for Web Dynpro Applications;false;true
R3TR;REP0;Reports;false;true
R3TR;REP1;Report Evaluations;false;true
R3TR;REP2;Reports;false;true
R3TR;REP3;Report Evaluations;false;true
R3TR;REVN;Nodes for SAP Review Program;false;true
R3TR;RF01;Route Determination: Actual Routes for Delivery;false;true
R3TR;RF02;Route Determination: In Sales Documents/Deliveries;false;true
R3TR;RF03;Route Determination: Shipping Points/Shipping p. for Routes;false;true
R3TR;RF04;Route Determination: Weight Groups for Deliveries;false;true
R3TR;RF05;Route Determination: Transportation Zones;false;true
R3TR;RF06;Route Determination: Transportation groups;false;true
R3TR;RF07;Route Determination: Shipping Conditions;false;true
R3TR;RF08;Route Determination: Weights per Weight Group;false;true
R3TR;RFCT;Transport RFC Destination;false;true
R3TR;RFST;RFC State;false;true
R3TR;RGRP;Role Group;false;true
R3TR;RLBL;Reuse Library: Libraries;false;true
R3TR;RLBP;Reuse Library: Products;false;true
R3TR;RLBT;Reuse Library: Transport Object for Structure Repository;false;true
R3TR;RMCE;Responsibility Management Context Extension;false;true
R3TR;RMCT;Responsibility Management Context;false;true
R3TR;RMRC;Responsibility Management : Reuse Object: Customizing;false;true
R3TR;RMRL;Responsibility Management Rule;false;true
R3TR;RMRW;Responsibility Management : Reuse Object for Workbench;false;true
R3TR;RMTC;Responsibility Management Team Category;false;true
R3TR;RONT;RESTful ABAP Programming Model: Object (Node) Type;false;true
R3TR;ROUT;Routine;false;true
R3TR;RPDF;Report definition for the classification tool-set;false;true
R3TR;RPUR;Read Access Logging: Purpose;false;true
R3TR;RRCA;BW: RRI InfoCube Recipient;false;true
R3TR;RRCD;BW: RRI InfoCube Recipient (SAP Outbound Delivery);false;true
R3TR;RRQA;BW: RRI Query Recipient;false;true
R3TR;RRQD;BW: RRI Query Recipient (SAP Outbound Delivery);false;true
R3TR;RRUL;Remodeling Rule;false;true
R3TR;RSDC;Display Component Tree;false;true
R3TR;RSDS;DataSource in BW;false;true
R3TR;RSFO;BW Formula;false;true
R3TR;RSPC;Process chain;false;true
R3TR;RSPE;BEx Personalization Application;false;true
R3TR;RSPI;Interrupt Process;false;true
R3TR;RSPT;Process Chain Starter;false;true
R3TR;RSPV;Process variants;false;true
R3TR;RSRV;Package for RSRV Tests;false;true
R3TR;RTCA;Real-Time Consolidation Model Objects;false;true
R3TR;RTCM;Real-time Consolidation Model;false;true
R3TR;RULC;DMC: Migration Settings of a Rule;false;true
R3TR;RULE;DMC: Definition and Implementation of a Rule;false;true
R3TR;RVBA;Review Booklet Application;false;true
R3TR;RVBC;Review Booklet Configuration;false;true
R3TR;SAAC;Component Use in the System Administration Assistant;false;true
R3TR;SAAT;Customizing Settings for System Administration Assistant;false;true
R3TR;SACT;Standalone SAP Analytics Cloud Applications;false;true
R3TR;SADT;ABAP Development Tools REST Service Group;false;true
R3TR;SAID;Language-Independent Doc. for mySAP.com Application Server;false;true
R3TR;SAIM;Audit Info System - Check Sets for Automatic Monitoring;false;true
R3TR;SAIS;Data Object in Audit Info System;false;true
R3TR;SAJC;Application Job Catalog Entry;false;true
R3TR;SAJT;Application Job Template;false;true
R3TR;SAJX;Application Job Template - App;false;true
R3TR;SAJY;Application Job Catalog - App;false;true
R3TR;SALC;Application Log Catalog Entry;false;true
R3TR;SALO;Logical Info Object in SAP Solution Architect;false;true
R3TR;SALV;ALV ATO Transport for Standard Layouts;false;true
R3TR;SAMC;ABAP Messaging Channel Application;false;true
R3TR;SAMD;S&AM Design Time Metadata;false;true
R3TR;SAMS;SAM Metadata;false;true
R3TR;SAMT;Message Types for ABAP Messaging Channels;false;true
R3TR;SAPC;ABAP Push Channel Application;false;true
R3TR;SAPH;Physical Info Object in SAP Solution Architect;false;true
R3TR;SAPL;Storage Plan: SAP Records;false;true
R3TR;SARC;Entries in the tables of the archiving tool (TRK00 etc.);false;true
R3TR;SASD;Document for mySAP.com Application Server;false;true
R3TR;SAUA;ABAP Unit Method Attributes;false;true
R3TR;SBC1;Techical Object Group;false;true
R3TR;SBCL;Semantic Business Configuration Lock Definition;false;true
R3TR;SBCT;Semantic Business Configuration Lock Token;false;true
R3TR;SBDL;Logical information object for BDS;false;true
R3TR;SBDP;Physical information object;false;true
R3TR;SBDR;BDS: Relationship between information objects;false;true
R3TR;SBEL;BW: LOIO Class Metadata;false;true
R3TR;SBEP;BW: PHIO Class Metadata;false;true
R3TR;SBGL;BW: LOIO Class Transaction Data;false;true
R3TR;SBGP;BW: PHIO Class Transaction Data;false;true
R3TR;SBHL;Logical Information Object for BDS;false;true
R3TR;SBHP;Logical Information Object for BDS;false;true
R3TR;SBHR;BDS: Relationship Between Information Objects;false;true
R3TR;SBIL;Logical Information Object for BDS;false;true
R3TR;SBIP;Physical Information Object;false;true
R3TR;SBIR;Relationship between Information Objects;false;true
R3TR;SBJL;Logical Information Object for BDS;false;true
R3TR;SBJP;Logical Information Object for BDS;false;true
R3TR;SBJR;BDS: Relationship Between Information Objects;false;true
R3TR;SBKL;Logical Information Object for BDS;false;true
R3TR;SBKP;Logical Information Object for BDS;false;true
R3TR;SBKR;BDS: Relationship Between Information Objects;false;true
R3TR;SBLE;Customer Extension of Business Logic with restricted ABAP;false;true
R3TR;SBNL;Logical Information Object for BDS;false;true
R3TR;SBNP;Logical Information Object for BDS;false;true
R3TR;SBNR;BDS: Relationship Between Information Objects;false;true
R3TR;SBOL;Logical information object for BDS;false;true
R3TR;SBOP;Physical information object;false;true
R3TR;SBOR;BDS: Relationship between information objects;false;true
R3TR;SBRL;Logical Information Object for BDS;false;true
R3TR;SBRP;Physical Information Object;false;true
R3TR;SBRR;BDS: Relationship Between Information Objects;false;true
R3TR;SBSL;Logical Information Object for BDS;false;true
R3TR;SBSP;Physical Information Object;false;true
R3TR;SBSR;BDS: Relationship Between Information Objects;false;true
R3TR;SBTL;Logical Information Object for BDS;false;true
R3TR;SBTP;Physical Information Object;false;true
R3TR;SBTR;BDS: Relationship Between Information Objects;false;true
R3TR;SBVL;Logical Information Object for BDS;false;true
R3TR;SBVP;Physical Information Object for BDS;false;true
R3TR;SBVR;BDS: Relationship Between Information Objects;false;true
R3TR;SBWL;Logical information object for BDS;false;true
R3TR;SBWP;Logical information object for BDS;false;true
R3TR;SBWR;BDS: Relationship between information objects;false;true
R3TR;SBXL;Logical information object for BDS: AEW ABAP tools;false;true
R3TR;SBXP;Physical information object;false;true
R3TR;SBXR;BDS: Relationship between information objects;false;true
R3TR;SBYL;Logical information object for BDS;false;true
R3TR;SBYP;Logical information object for BDS;false;true
R3TR;SBYR;BDS: Relationship between information objects;false;true
R3TR;SBZL;Logical Information Object for BDS;false;true
R3TR;SBZP;Logical Information Object for BDS;false;true
R3TR;SBZR;BDS: Relationship Between Information Objects;false;true
R3TR;SCAT;Test case;false;true
R3TR;SCAU;Customer authorization groups (SREPOATH);false;true
R3TR;SCBE;Custom Behaviour Extensions;false;true
R3TR;SCBO;Custom Business Object;false;true
R3TR;SCCL;Custom Code List;false;true
R3TR;SCCV;Custom CDS Views;false;true
R3TR;SCDT;Mapping Information for Scout and Customizing Synchronizer;false;true
R3TR;SCGR;Service Consumer Group;false;true
R3TR;SCHK;Check Results Management: Check ID;false;true
R3TR;SCME;Custom Metadata Extension;false;true
R3TR;SCNT;Workflow Container PPF (Definition + Data);false;true
R3TR;SCON;Parameter Condition;false;true
R3TR;SCP1;BC Set or Customizing Profile;false;true
R3TR;SCP2;Switch BC Sets;false;true
R3TR;SCPD;SAP codepage definition;false;true
R3TR;SCPR;Customizing Profile;false;true
R3TR;SCPS;Code Page Segment;false;true
R3TR;SCPX;BC Set: Exception Handling;false;true
R3TR;SCRL;Custom Reuse Library;false;true
R3TR;SCTA;Context Attributes (Central Context Management);false;true
R3TR;SCTM;Context Object Type (Central Context Management);false;true
R3TR;SCUH;Replacement information for hierarchies;false;true
R3TR;SCUT;Customizing templates;false;true
R3TR;SCVI;Screen variants;false;true
R3TR;SDAT;SAP Delivered Table Authorization Group Assignments;false;true
R3TR;SDBP;Microsoft SQL Server;false;true
R3TR;SDEP;Object dependency;false;true
R3TR;SDER;Spool: Device Description - Use SPDV Instead;false;true
R3TR;SDEV;Output Devices (Use SPDV Instead);false;true
R3TR;SDM0;DME: Metadata to describe a maintenance object;false;true
R3TR;SDM1;DME: Dialog pool;false;true
R3TR;SDMI;TLogo for Silent Data Migration (Metadata for SUM uptime);false;true
R3TR;SDP1;APO Planning Object Structure (Through Transport Tables);false;true
R3TR;SDP2;APO Storage Buckets Profile (Through Transport Tables);false;true
R3TR;SDP3;APO Planning Area (Through Transport Tables);false;true
R3TR;SDP8;SCM DP/SNP: User Settings for Interactive Planning;false;true
R3TR;SDPA;APO: Planning Books for Macros;false;true
R3TR;SDPE;APO Selection ID;false;true
R3TR;SDPI;Periodicities for Planning Areas;false;true
R3TR;SDPJ;APO: Mass Processing Jobs;false;true
R3TR;SDPK;APO: Activities for Mass Processing Jobs;false;true
R3TR;SDPP;APO: Planning Book;false;true
R3TR;SDPR;APO: Time bucktes profile for Demand PLanning & SNP;false;true
R3TR;SDPS;APO: Planning Object Structures;false;true
R3TR;SDPT;SCM Demand Planning Seasons;false;true
R3TR;SDPU;SCM Demand Planning Season Years;false;true
R3TR;SDPV;SCM Demand Planning Seasonal Pattern;false;true
R3TR;SE19;BAdi Implementation;false;true
R3TR;SECU;Security Audit Log Configuration;false;true
R3TR;SEGR;Semantic Group;false;true
R3TR;SESA;Enterprise Search: DDL Activation;false;true
R3TR;SESR;Enterprise Search: Ranking Factor;false;true
R3TR;SEST;Enterprise Search: Template;false;true
R3TR;SETA;Entries in the Table COMC_SETTYP_ATTR;false;true
R3TR;SETG;Object List for the Set Type Generation;false;true
R3TR;SETO;Object Types in the Set Type Generation;false;true
R3TR;SETT;Logical Transport Object for Set Types;false;true
R3TR;SF01;Status Tables Switch Framework Client-Specific;false;true
R3TR;SF02;Status Tables Switch Framework Cross-Client;false;true
R3TR;SFB1;Business Function Set;false;true
R3TR;SFB2;Business Function;false;true
R3TR;SFBF;Business Function + Assignment;false;true
R3TR;SFBS;Business Function Set + Assignment;false;true
R3TR;SFCS;Conflict Switch Assignment - Dependent Switches;false;true
R3TR;SFHI;Logical object - information object: System info - note;false;true
R3TR;SFKX;Foreign Key Check Exception;false;true
R3TR;SFLO;Form Template Logo;false;true
R3TR;SFNH;Hierarchy Nodes in Complete List of Release Notes;false;true
R3TR;SFPF;Form Object: Form;false;true
R3TR;SFPI;Form Object: Interface;false;true
R3TR;SFRH;SAPscript Form Tree: Transport Object for Node;false;true
R3TR;SFRN;Logical object - information object: Release note;false;true
R3TR;SFSS;Status of Switch;false;true
R3TR;SFSW;Switch + Assignment of Objects to the Switch;false;true
R3TR;SFSY;Logical object - hypertext: System profile parameter supplmt;false;true
R3TR;SFTE;Form Template Text;false;true
R3TR;SGFL;Global fields;false;true
R3TR;SHAP;Shadow Tables for Application Components (Obsolete!);false;true
R3TR;SHAR;Nodes for archived structures read back;false;true
R3TR;SHCS;OBSOLET shadow table communication structure;false;true
R3TR;SHDI;Image data for transaction variants;false;true
R3TR;SHDS;Shadow Table DataSource;false;true
R3TR;SHFS;Can Maintain Data Source Manually - not R/3 (SAP Delivery);false;true
R3TR;SHI0;Link type definition of general structure storage;false;true
R3TR;SHI1;Node type definition of general structure storage;false;true
R3TR;SHI2;Structure types of general structure storage;false;true
R3TR;SHI3;General structure storage: Definition of a structure;false;true
R3TR;SHI5;Gen. hierarchy storage extrension name;false;true
R3TR;SHI6;Gen. structure repos.: Extension ID / structure assignment;false;true
R3TR;SHI7;General hierarchy store node attribute;false;true
R3TR;SHI8;SFW Switch Assignment in Hierarchy Tool;false;true
R3TR;SHI9;General Structure Repository: Enhancement ID Order;false;true
R3TR;SHIC;Hierarchy Tool: Comparison of Structures;false;true
R3TR;SHIG;InfoPackage Group (SAP Delivery) Obsolete !!!;false;true
R3TR;SHIM;OBSOLETE Shadow Tables InfoSource Master Data;false;true
R3TR;SHIN;General structure storage: Definition of nodes;false;true
R3TR;SHIP;InfoPackage (SAP Delivery);false;true
R3TR;SHIT;OBSOLETE Shadow Tables InfoSource Transaction Data;false;true
R3TR;SHIV;Hierarchy Tool: Version of a Structure;false;true
R3TR;SHK4;SDOK: KPro Structure Repository (Definition of Nodes);false;true
R3TR;SHLP;Search Help;false;true
R3TR;SHMA;Shared Objects: Defined Area Attributes;false;true
R3TR;SHMP;Mapping DataS./Fields and InfoS/Objects (SAP Delivery);false;true
R3TR;SHPH;Project management: Node definitions;false;true
R3TR;SHTR;Transfer Structure - 2.0 (SAP Delivery);false;true
R3TR;SHTS;Shadow Tables Transfer Structure;false;true
R3TR;SI0L;KEN: Logical information object (general);false;true
R3TR;SI0P;KEN: Physical information object (general);false;true
R3TR;SI0R;KEN: Relationship between information objects (general);false;true
R3TR;SI0S;KEN: Structure repository for general objects;false;true
R3TR;SI2L;KEN: Logical information object (training);false;true
R3TR;SI2P;KEN: Physical information object (training);false;true
R3TR;SI2R;KEN: Relationship between information objects (training);false;true
R3TR;SI2S;KW: Structure repository for training;false;true
R3TR;SI3L;NR3: Logical Information Object (Help);false;true
R3TR;SI3P;NR3: Physical Information Object (Help);false;true
R3TR;SI3R;NR3: Relationship Between Information Objects (Help);false;true
R3TR;SICF;ICF Service;false;true
R3TR;SIFL;Workflow Documents: Logical Information Object;false;true
R3TR;SIFP;Workflow Documents: Physical Information Object;false;true
R3TR;SIM1;IMG attributes;false;true
R3TR;SIMH;IMG Structure Repository: Nodes;false;true
R3TR;SIRA;Definition of an IO attribute (runtime object);false;true
R3TR;SIRC;Definition of an IO class (runtime object);false;true
R3TR;SIRE;KPro: Content Repository for contents of information objects;false;true
R3TR;SIRL;Logical information object;false;true
R3TR;SIRM;Physical Information Object (Language Delivery-Compatible);false;true
R3TR;SIRP;Physical information object;false;true
R3TR;SIRR;Relationship between information objects;false;true
R3TR;SIRS;Customizing for Content Repositories;false;true
R3TR;SISM;ISM Channel Group;false;true
R3TR;SITA;Situation Solution Proposal;false;true
R3TR;SITB;Situation Base Templates;false;true
R3TR;SITC;Situation Configuration Template;false;true
R3TR;SITD;Situation data context;false;true
R3TR;SITF;Situation Type Condition Filter Values;false;true
R3TR;SITG;Situation Application Tag;false;true
R3TR;SITO;Situation Object;false;true
R3TR;SITT;Situation Types;false;true
R3TR;SITU;Situation Standard Templates;false;true
R3TR;SIWL;KEN: Logical information object (help);false;true
R3TR;SIWP;KEN: Physical information object (help);false;true
R3TR;SIWR;KEN: Relationship between information objects (help);false;true
R3TR;SIWS;KW: Structure repository for application help;false;true
R3TR;SIXO;Index objects for logical databases;false;true
R3TR;SIXT;Index types for logical databases;false;true
R3TR;SKDL;KW: Logical Info Object (KW_DEMO);false;true
R3TR;SKDP;KW: Physical Info Object (KW_DEMO);false;true
R3TR;SKDS;Structure Storage for KW_DEMO;false;true
R3TR;SKTD;Knowledge Transfer Document - Documentation Infrastructure;false;true
R3TR;SKWL;KW: Logical Information Object (KWNet);false;true
R3TR;SKWN;KW: Structure Storage for HTML-Based Documents;false;true
R3TR;SKWP;KW: Physical Information Object (KWNet);false;true
R3TR;SKWS;CM: Status Management;false;true
R3TR;SLDC;Active Generic Application Access Rules;false;true
R3TR;SLDD;Generic Application Access Rules (Definition);false;true
R3TR;SLDH;Generic Whitelist - Header Data;false;true
R3TR;SLDO;SLAD: Object Set;false;true
R3TR;SLDP;SLAD: Profile;false;true
R3TR;SLEC;LEI Event Linkages (Customizing);false;true
R3TR;SLEI;LEI Event Linkages (Design);false;true
R3TR;SLOM;Logical output management systems;false;true
R3TR;SMBC;Business Configuration Object;false;true
R3TR;SMBL;XML Message Broker: Pipeline;false;true
R3TR;SMCX;SLC UI Extension Configuration;false;true
R3TR;SMD1;Definition of an R-LOIO class;false;true
R3TR;SMD2;Definition of a V-LOIO class;false;true
R3TR;SMD3;Definition of an R-PHIO class;false;true
R3TR;SMD4;Definition of a V-PHIO class;false;true
R3TR;SMD5;Definition of an R-RELA class;false;true
R3TR;SMD6;Definition of a V-RELA class;false;true
R3TR;SMDA;Definition of an IO attribute;false;true
R3TR;SMDC;IO class link area;false;true
R3TR;SMDD;DDIC Modification Logs;false;true
R3TR;SMDK;Definition of a context class;false;true
R3TR;SMDL;Internal Use;false;true
R3TR;SMDM;Document model area;false;true
R3TR;SMEH;Area Menu;false;true
R3TR;SMIF;Matching Interface;false;true
R3TR;SMIM;Info Object from the MIME Repository;false;true
R3TR;SMOD;SAP enhancements;false;true
R3TR;SMP0;Solution Map: Process category;false;true
R3TR;SMP1;Solution Map: Main process;false;true
R3TR;SMP2;Solution Map: Process;false;true
R3TR;SMPB;Solution Map: Best Practice;false;true
R3TR;SMPC;Solution Map: Component;false;true
R3TR;SMPD;Solution Map: Product information;false;true
R3TR;SMPI;Solution Map: Key Performance Indicator;false;true
R3TR;SMPP;Solution Map: Partner product;false;true
R3TR;SMTC;Service Mapping Tool, Customer Mappings;false;true
R3TR;SMTE;Service Mapping Tool: Extension;false;true
R3TR;SMTG;OM: Email Template;false;true
R3TR;SMTO;Service Mapping Tool;false;true
R3TR;SMTV;Service Mapping Tool: Variant;false;true
R3TR;SNAP;SNAPT texts (long texts for ABAP/4 short dump analysis);false;true
R3TR;SOAS;BTFR: Object Type-Specific Attributes Long Texts;false;true
R3TR;SOAT;BTFR: Object Type-Specific Attributes Short Texts;false;true
R3TR;SOBJ;Business object types;false;true
R3TR;SOD1;Api Package;false;true
R3TR;SOD2;API Package Assignment;false;true
R3TR;SOMS;Output management systems;false;true
R3TR;SONT;SAP Object Node Type;false;true
R3TR;SOT1;SAP Object Type;false;true
R3TR;SOTR;All Concepts (OTR) of a Package - Short Texts;false;true
R3TR;SOTS;All Concepts (OTR) of a Package - Long Texts;false;true
R3TR;SPAR;Parameter Storage: Transport Object;false;true
R3TR;SPCD;Command records to print;false;true
R3TR;SPCO;Char. set manufacturers;false;true
R3TR;SPCS;Character sets;false;true
R3TR;SPDV;Spool: Output Devices;false;true
R3TR;SPFL;Profile parameter;false;true
R3TR;SPLO;Format Types;false;true
R3TR;SPOK;BW InfoSpoke;false;true
R3TR;SPPC;Normal Print Controls;false;true
R3TR;SPPF;Page formats;false;true
R3TR;SPRF;CheckMan: Logical Transport Object Check Profile;false;true
R3TR;SPRJ;DMC: Definition of a Sub-Project;false;true
R3TR;SPRL;SPRO: Transport object for logical information objects;false;true
R3TR;SPRO;Projects;false;true
R3TR;SPRP;SPRO: Physical transport object for project documents;false;true
R3TR;SPRS;Printer Resources;false;true
R3TR;SPRV;Service Provider for ADT;false;true
R3TR;SPRX;Proxy Object;false;true
R3TR;SPSE;Security: PSE Definition;false;true
R3TR;SPSV;Spool: Formatting server;false;true
R3TR;SPTP;Text pool for print formats;false;true
R3TR;SQAB;Industry-specific question;false;true
R3TR;SQAC;Question Category;false;true
R3TR;SQAG;Industry-specific configuration group;false;true
R3TR;SQAK;Configuration group;false;true
R3TR;SQAQ;Question;false;true
R3TR;SQAV;Question Context;false;true
R3TR;SQBR;Industry;false;true
R3TR;SQL1;SQL Service Binding (SQL1);false;true
R3TR;SQLI;Links for Implementation Assistant;false;true
R3TR;SQSC;Database Procedure Proxy;false;true
R3TR;SRAE;Index Management Application Exit;false;true
R3TR;SRAL;Read Access Logging: User Blacklist;false;true
R3TR;SRC0;Logical Information Object For SRM;false;true
R3TR;SRC1;Physical Information Object for SRM;false;true
R3TR;SRC2;Logical Information Object For SRM;false;true
R3TR;SRC3;Physical Information Object for SRM;false;true
R3TR;SRC4;Logical Information Object For SRM;false;true
R3TR;SRC5;Physical Information Object for SRM;false;true
R3TR;SRC6;Logical Information Object For SRM;false;true
R3TR;SRC7;Physical Information Object for SRM;false;true
R3TR;SREL;DMC: Structure Relations;false;true
R3TR;SRFA;Advanced Compliance Reporting Application;false;true
R3TR;SRFC;RFC Service;false;true
R3TR;SRFP;Advanced Compliance Reporting Configuration Parameters;false;true
R3TR;SRFQ;Advanced Compliance Reporting Report Category;false;true
R3TR;SRFR;Advanced Compliance Reporting Report Definition;false;true
R3TR;SRFS;Advanced Compliance Reporting Schema Definition;false;true
R3TR;SRHL;SRM: Hierarchical Lists;false;true
R3TR;SRLD;Language-Dependent Client-Specific Retrieval Index Object;false;true
R3TR;SRLI;Language-Dependent Cross-Client Retrieval Index Object;false;true
R3TR;SRM1;Element Type;false;true
R3TR;SRM2;Service Provider;false;true
R3TR;SRM3;Area - Definition;false;true
R3TR;SRM4;Area - Value for SPS Classification Parameter;false;true
R3TR;SRM5;Class Role;false;true
R3TR;SRM6;Service Provider Type;false;true
R3TR;SRM7;Records Management: Component Role;false;true
R3TR;SRML;SEM-SRM: Logical InfoObject;false;true
R3TR;SRMP;SEM-SRM: Physical InfoObject;false;true
R3TR;SRSR;Search Server Relation;false;true
R3TR;SRTD;Transport Release/Configuration for SOAP Runtime;false;true
R3TR;SRTI;Index Category;false;true
R3TR;SRTL;Transport Object: SOAP Runtime Logical Port;false;true
R3TR;SRTR;Report tree;false;true
R3TR;SRVB;Service Binding;false;true
R3TR;SRVC;Service Consumption Model;false;true
R3TR;SRVD;Service Definition;false;true
R3TR;SSB0;Groups;false;true
R3TR;SSB1;KPIs;false;true
R3TR;SSB2;DO NOT USE -- Basic Data of Chips Representing KPI-Tiles;false;true
R3TR;SSB3;DO NOT USE -- Drill-Down-App Configurations in SSB;false;true
R3TR;SSB4;Associations between Groups;false;true
R3TR;SSB5;Groups;false;true
R3TR;SSB6;KPIs;false;true
R3TR;SSB7;Associations between Groups;false;true
R3TR;SSB8;Generic Drilldown Reports;false;true
R3TR;SSB9;Reports;false;true
R3TR;SSFO;SAP Smart Form;false;true
R3TR;SSST;SAP Smart Style;false;true
R3TR;SSUI;SSUI Transport Object;false;true
R3TR;STC1;Configuration Entity;false;true
R3TR;STC2;Technical Configuration Set;false;true
R3TR;STC4;Technical Configuration Layer;false;true
R3TR;STC5;Technical Configuration LM Scenario;false;true
R3TR;STCB;TC Task List Group;false;true
R3TR;STCS;TC Task List;false;true
R3TR;STCV;TC Task List Variant;false;true
R3TR;STOB;Structured Object;false;true
R3TR;STOR;Storage Parameters;false;true
R3TR;STUE;Status in overview screen of sales order;false;true
R3TR;STVI;Transaction variants (cross-client);false;true
R3TR;STVR;Transaction variants;false;true
R3TR;STYC;Embedded Analytics Story;false;true
R3TR;STYL;SAPscript Style;false;true
R3TR;SUCC;Scenario for Switchable Authorization Check (Runtime);false;true
R3TR;SUCD;Scenario for Switchable Authorization Check (Definition);false;true
R3TR;SUCK;Header Data for General Authorization Groups;false;true
R3TR;SUCO;Assign Authorization Default Variant > Application;false;true
R3TR;SUCU;Authorization Groups (TBRG_AUTH);false;true
R3TR;SUIF;SCMB: UI Framework;false;true
R3TR;SUIU;SCMB: UI Framework (user specific);false;true
R3TR;SUKR;Kernel Trace Revocation Object;false;true
R3TR;SUSC;Authorization object class;false;true
R3TR;SUSH;Assignment: Service --> Authorization Objects;false;true
R3TR;SUSI;Assignment: Service --> Authorization Objects (with TADIR);false;true
R3TR;SUSK;Customer: Assignment of transaction -> authorization object;false;true
R3TR;SUSO;Authorization object;false;true
R3TR;SUSP;Templates for authorization profiles (Profile Generator);false;true
R3TR;SUST;Assignment transaction > auth. objects;false;true
R3TR;SVAL;Version Management: Object Type Alias;false;true
R3TR;SVCI;Selection Variants (Cross-Client);false;true
R3TR;SVER;Substitution Validation Event and rules;false;true
R3TR;SVRL;Substitution Validation for Rule and Rule Text;false;true
R3TR;SVRS;Financial Substitution Validation Rule Set;false;true
R3TR;SVSR;Substitution Validation:System Rule and Rule Text;false;true
R3TR;SVUI;Substitution Validation User Interface Objects;false;true
R3TR;SWFC;Workflow Correlation Definition;false;true
R3TR;SWFL;WF: Logical Information Object;false;true
R3TR;SWFP;WF: Physical Information Object;false;true
R3TR;SWFS;Service-Definition for WebFlow;false;true
R3TR;SWFT;Workflow: process type;false;true
R3TR;SWFX;Workflow XML Proxy;false;true
R3TR;SWHL;Logical Information Object for BDS: Excel Templates;false;true
R3TR;SWHP;Logical Information Object for BDS: Excel Templates;false;true
R3TR;SWHR;BDS: Relationship Between Information Objects:Excel Template;false;true
R3TR;SWIL;Logical Information Object for BDS;false;true
R3TR;SWIP;Logical Information Object for BDS;false;true
R3TR;SWIR;BDS: Relationship Between Information Objects;false;true
R3TR;SWKL;Transport Object for SEM_STS;false;true
R3TR;SWKP;Logical Information Object for BDS;false;true
R3TR;SWKR;BDS: Relationship Between Information Objects;false;true
R3TR;SXCC;Customizing Entries for Business Add-In Implementations;false;true
R3TR;SXCI;Business Add-Ins - Implementations;false;true
R3TR;SXFT;Customizing Entries for BAdI Definitions (Sorting);false;true
R3TR;SXMS;Interfaces for Archiving;false;true
R3TR;SXSD;Business Add-Ins - Definitions;false;true
R3TR;SYAG;System Log Messages;false;true
R3TR;SYND;Syntax Documentation;false;true
R3TR;TAAV;Table Analysis: Analysis Variant;false;true
R3TR;TABL;Table;false;true
R3TR;TABU;Table Contents;false;true
R3TR;TAPL;CTS: Template application type;false;true
R3TR;TAVF;Table Analysis: Virtual Field;false;true
R3TR;TBPS;Long texts for Tasked-Based Process Steps;false;true
R3TR;TDAT;Customizing: Table Contents;false;true
R3TR;TEAM;BPC: Team;false;true
R3TR;TEMC;IS Migration Workbench: Conversion Object;false;true
R3TR;TEMF;IS Migration Workbench: Fixed Values;false;true
R3TR;TEMO;IS-U Migration Workbench: Migration Object;false;true
R3TR;TEMP;IS Migration Workbench: Control Parameters;false;true
R3TR;TEMR;IS-U Migration Workbench: Distributed Import Profile;false;true
R3TR;TERM;Transport of Terminology Tables;false;true
R3TR;TEXT;SAPscript Text;false;true
R3TR;TFRM;Formulae and Requirements: Table Entries;false;true
R3TR;TFRT;Font;false;true
R3TR;THED;Themes D version;false;true
R3TR;THEM;Themes for BW Frontend (Analyzer, Reportdesigner);false;true
R3TR;THJT;Key Date of Type Derivation;false;true
R3TR;TIMR;Date Rule;false;true
R3TR;TMCO;TMC: Content Object;false;true
R3TR;TMCW;Technical Monitoring Content;false;true
R3TR;TMPL;BW Web Templates;false;true
R3TR;TMWO;Tracking Multiplexer runs without Object List;false;true
R3TR;TOBJ;Definition of a Maintenance and Transport Object;false;true
R3TR;TRAN;Transaction;false;true
R3TR;TRCS;Communication Structure for Transformation;false;true
R3TR;TREP;Transformation Rule Repository;false;true
R3TR;TRFN;Transformation;false;true
R3TR;TRIF;Interface Definition;false;true
R3TR;TRIM;Interface Mapping;false;true
R3TR;TRMS;Transport of Syntax Check Messages;false;true
R3TR;TROB;DMC: Definition of a Translation Object;false;true
R3TR;TROC;DMC: Migration Settings of a Translation Object;false;true
R3TR;TRPC;Translation Project - Customizing;false;true
R3TR;TRPR;Translation Project;false;true
R3TR;TRUC;Transformation Rule (Client Dependent);false;true
R3TR;TRUL;Transformation Rule;false;true
R3TR;TTPL;Transaction Templates for Activity Groups;false;true
R3TR;TTYP;Table Type;false;true
R3TR;TUSE;TLOGO for Client Provisioning Include List;false;true
R3TR;TVNS;Variant Group Definition;false;true
R3TR;TVUS;Assignment User - Variant Group;false;true
R3TR;TWBH;Test catalog;false;true
R3TR;TX01;Text Control: Text Types and Text Procedures;false;true
R3TR;TX02;Text Control: Access Sequences;false;true
R3TR;TX03;Text Control: Generated Access Sequence Table;false;true
R3TR;TX04;Text Control: Allowed Text Objects;false;true
R3TR;TX05;Text Controlling: Text Procedure Assignments;false;true
R3TR;TYPE;Type Group;false;true
R3TR;UAMC;ICH Alert Monitor Alert Category entries (UI);false;true
R3TR;UAMO;ICH Alert Monitor Configuration (UI);false;true
R3TR;UAMT;ICH Alert Monitor Alert Type entries (UI);false;true
R3TR;UAPO;Logical object ADW position;false;true
R3TR;UCLO;Logical object area;false;true
R3TR;UCOC;Transportobject UCON HTTP Customizing Object;false;true
R3TR;UCOP;UCON: Transport object for Ucon Http Server Profile;false;true
R3TR;UCSA;Unified Connectivity Service Assembly;false;true
R3TR;UCSM;Transport object for SMTP hosts;false;true
R3TR;UCVH;Transportobject for virtual hosts;false;true
R3TR;UDMO;Data model;false;true
R3TR;UDSC;Web Service User defined Search Configuration;false;true
R3TR;UENO;Entity type;false;true
R3TR;UFKT;Logical object - function;false;true
R3TR;UHIE;Logical object - hierarchy;false;true
R3TR;UI5F;UI5 File;false;true
R3TR;UIAA;Fiori Launchpad App Descriptor Item Adaptation;false;true
R3TR;UIAC;Fiori Launchpad Technical Catalog;false;true
R3TR;UIAD;Fiori Launchpad App Descriptor Item;false;true
R3TR;UIBA;UI2 Business Application;false;true
R3TR;UIPC;Fiori Launchpad Page - Customizing;false;true
R3TR;UIPG;Fiori Launchpad Page Template;false;true
R3TR;UISC;Fiori Launchpad Space - Customizing;false;true
R3TR;UIST;Fiori Launchpad Space Template;false;true
R3TR;UMB0;Scorecard;false;true
R3TR;UMB1;Performance Overview;false;true
R3TR;UMB2;Strategy Map;false;true
R3TR;UMB3;Derived Scorecard;false;true
R3TR;UMB4;Scorecard (Without Initiatives, Reports, and Links);false;true
R3TR;UMB5;Scorecard (Initiatives);false;true
R3TR;UMB6;Scorecard (Reports and Links);false;true
R3TR;UMB7;Derived Scorecard (Without Initiatives, Reports, and Links);false;true
R3TR;UMBR;Scorecard - Report Builder;false;true
R3TR;UMR0;Risk Management Common Table;false;true
R3TR;UOMT;Quantity Conversion Type;false;true
R3TR;UPDR;Update rules;false;true
R3TR;UWSF;Web Service Definition;false;true
R3TR;UWSS;Web Survey Definition;false;true
R3TR;UWST;Target Group Hierarchy;false;true
R3TR;UXSD;Web Service Component;false;true
R3TR;V80B;Totals variants;false;true
R3TR;V80P;Selection fields per variant;false;true
R3TR;V80V;Default Value Layout Variant;false;true
R3TR;V80Z;Layouts;false;true
R3TR;VBAP;Visual Business Application;false;true
R3TR;VBED;VOFM;false;true
R3TR;VBP0;Analytical Query publishing from View Browser;false;true
R3TR;VCLS;View cluster;false;true
R3TR;VCMD;Value Chain Management Designtime Model;false;true
R3TR;VCN0;VRS/CWB Testobject;false;true
R3TR;VCN1;VRS/CWB Testobject;false;true
R3TR;VDAT;View Maintenance: Data;false;true
R3TR;VERS;Version Number;false;true
R3TR;VERT;Text Verticalization;false;true
R3TR;VIEW;View;false;true
R3TR;VKOI;Condition Table, Info Structure: Lockable Object;false;true
R3TR;VKOS;Condition Table: Object can be Locked;false;true
R3TR;VNPA;Index update for business partners;false;true
R3TR;VRBL;DMC: Definition of a Variable;false;true
R3TR;VTRM;Verticalization Terminology;false;true
R3TR;VTRR;Verticalization: Text repository Registration;false;true
R3TR;VUV1;SD: Incompletion Customizing;false;true
R3TR;VWDF;View Definition of Migration Object Modeler;false;true
R3TR;W3HT;Web Reporting/Internet Transaction Server HTML Templates;false;true
R3TR;W3MI;Web Reporting/Internet Transaction Server MIME Types(binary;false;true
R3TR;WAPA;BSP (Business Server Pages) Application;false;true
R3TR;WBTT;ABAP Workbench: Dummy object type for unit tests;false;true
R3TR;WCPO;Workload Capture Profile;false;true
R3TR;WDCA;Web Dynpro Application Configuration;false;true
R3TR;WDCC;Web Dynpro Component Configuration;false;true
R3TR;WDCL;Web Dynpro Customizing Data;false;true
R3TR;WDCP;Web Dynpro CHIP;false;true
R3TR;WDRC;Web Dynpro Condition for a Recording Plug-In;false;true
R3TR;WDRP;Web Dynpro Recording Plug-In;false;true
R3TR;WDYA;Web Dynpro Application;false;true
R3TR;WDYL;Web Dynpro : UI Element Library;false;true
R3TR;WDYN;Web Dynpro Component;false;true
R3TR;WEBI;Virtual End Point;false;true
R3TR;WEBS;Web Services;false;true
R3TR;WFDL;WFF: LOIO for KW Connection;false;true
R3TR;WFDP;WFF: PHIO for KW Connection;false;true
R3TR;WFFL;WFF Data: LOIO for KW Connection;false;true
R3TR;WFFP;WFF Data: PHIO for KW Connection;false;true
R3TR;WGRP;Object Type Group (ABAP Workbench / R3TR);false;true
R3TR;WKSP;BPC: workspace;false;true
R3TR;WMPC;Workload Management Process Classes;false;true
R3TR;WSNO;Workspace Folder;false;true
R3TR;WSPT;APC WebSocket protocol type;false;true
R3TR;WSSC;Workflow Scenario;false;true
R3TR;WTAG;BSP Extension;false;true
R3TR;WTHM;O2: Topics for BSP Application;false;true
R3TR;WWIB;BW Web Item (BI-Runtime);false;true
R3TR;WWIT;Item in Web framework;false;true
R3TR;WWPA;BW Web Runtime: Parameter (for Web Item or Command);false;true
R3TR;WXML;02: XML Descriptions;false;true
R3TR;X4WS;Workspace information for X4 Activation;false;true
R3TR;XABO;xa Analytics Briefing Book Object;false;true
R3TR;XADS;xa Analytics Dashboard Object;false;true
R3TR;XAHI;xA Navigational Hierarchie Object;false;true
R3TR;XANO;xa Analytics Node Object;false;true
R3TR;XARP;xa Analytics Report Object;false;true
R3TR;XATP;xa Analytics Upload Template;false;true
R3TR;XATR;xa Analytics Tree Object;false;true
R3TR;XCLA;Logical Transport Object for Conversion Class (XCLA);false;true
R3TR;XCLS;Xcelcius Dashboard;false;true
R3TR;XDPL;SAP KW: Logical IO for Area XML_DOKU;false;true
R3TR;XDPP;KW: Physical IO for Area XML_DOKU;false;true
R3TR;XDPS;KW: Structure Repository for Area XML_DOKU;false;true
R3TR;XDYN;Screens with field exit;false;true
R3TR;XINX;Ext. Index;false;true
R3TR;XLWB;Excel workbook;false;true
R3TR;XMLL;KW: Logical IO;false;true
R3TR;XMLP;KW: Physical IO;false;true
R3TR;XMLS;KW: Structure repository for objects;false;true
R3TR;XPRA;Program Run after Transport;false;true
R3TR;XPRL;TLogo for XPRA in uptime (Metadata for SUM uptime);false;true
R3TR;XSLT;Transformation;false;true
R3TR;XTRA;Transformation/Mapping Between XML and ABAP;false;true
R3TR;XWRD;Table of changed key words;false;true